parid,rho,tau,beta1,beta2,beta3,beta4,beta5,beta6,nu,gamma,sigma,theta0,alpha,mu,delta,S_0,E_0,I_0,A_0,R_0,pop_0
1,1e-8,18.447735656052828,9.7005250724332,4.921417893418399,6.532497872013897,8.896011372672897,4.582601110992663,8.0609255635256,0.979439729556907,3.5,5,0,0.002397260273972603,4.287148804784646e-4,1.433170360456426e-4,0.9999981671250229,9.164374885617146e-7,9.164374885617146e-7,0,0,10911819
2,1e-8,1.45911856694147,7.127204239655718,3.5584072705280603,8.965951036765269,9.108884420800658,2.9311066616876205,3.2708701381669703,0.9879008713876829,3.5,5,0,0.002397260273972603,4.287148804784646e-4,1.433170360456426e-4,0.9999981671250229,9.164374885617146e-7,9.164374885617146e-7,0,0,10911819
3,1e-8,16.93932908284478,0.9111680821291226,4.618035466948416,7.971985081879195,6.125349377203768,4.429112540649408,2.516161558035362,0.9550855552195571,3.5,5,0,0.002397260273972603,4.287148804784646e-4,1.433170360456426e-4,0.9999981671250229,9.164374885617146e-7,9.164374885617146e-7,0,0,10911819
4,0.034482768275862066,2.3338481918908656,2.1996703029959965,5.217935818260043,1.4583433428007675,5.009346053037669,9.912354534035,6.538819079633468,0.9653568532085046,3.5,5,0,0.002397260273972603,4.287148804784646e-4,1.433170360456426e-4,0.9999981671250229,9.164374885617146e-7,9.164374885617146e-7,0,0,10911819
5,0.034482768275862066,11.8636751587037,1.143058534665971,4.806112023589844,9.663121430237007,5.304286631759441,8.22244314028962,3.5352824099307356,0.9908659765962511,3.5,5,0,0.002397260273972603,4.287148804784646e-4,1.433170360456426e-4,0.9999981671250229,9.164374885617146e-7,9.164374885617146e-7,0,0,10911819
6,0.034482768275862066,16.442818757612258,1.0602228841370915,5.5560272610533685,1.0443818601422032,4.187146186012915,4.627458067216791,0.09082072979210878,0.9548073587706312,3.5,5,0,0.002397260273972603,4.287148804784646e-4,1.433170360456426e-4,0.9999981671250229,9.164374885617146e-7,9.164374885617146e-7,0,0,10911819
7,0.06896552655172412,15.578772734850645,6.524456399840473,1.2540705068400941,5.109103459888283,2.2476771900732064,9.413652487623466,6.781684146584537,0.9607801245641894,3.5,5,0,0.002397260273972603,4.287148804784646e-4,1.433170360456426e-4,0.9999981671250229,9.164374885617146e-7,9.164374885617146e-7,0,0,10911819
8,0.06896552655172412,12.796369642019272,4.929947520647564,1.3526466683750065,1.3214072989596584,1.8760046231302503,7.846806487283853,6.480831914001953,0.9757557045202702,3.5,5,0,0.002397260273972603,4.287148804784646e-4,1.433170360456426e-4,0.9999981671250229,9.164374885617146e-7,9.164374885617146e-7,0,0,10911819
9,0.06896552655172412,6.165330147836357,2.966919227740887,2.092611518082255,5.338480135426416,1.6131257809703554,6.712798320551366,7.758451723717791,0.9527984825312159,3.5,5,0,0.002397260273972603,4.287148804784646e-4,1.433170360456426e-4,0.9999981671250229,9.164374885617146e-7,9.164374885617146e-7,0,0,10911819
10,0.1034482848275862,15.821122460067272,0.09092996228856808,9.735931707572522,3.9536934514988373,0.2979267118887531,4.147173448585386,0.48494832918203523,0.9562382991309277,3.5,5,0,0.002397260273972603,4.287148804784646e-4,1.433170360456426e-4,0.9999981671250229,9.164374885617146e-7,9.164374885617146e-7,0,0,10911819
11,0.1034482848275862,15.140827836235985,7.668684071628678,2.629978780906042,7.631104167322031,6.929573384420652,6.657784954047639,3.4011625831094987,0.9718765454483218,3.5,5,0,0.002397260273972603,4.287148804784646e-4,1.433170360456426e-4,0.9999981671250229,9.164374885617146e-7,9.164374885617146e-7,0,0,10911819
12,0.1034482848275862,18.953372292686254,5.500345253835569,1.723400029250135,3.720303376367574,6.642475875895947,9.800380507969702,0.7623436683713326,0.9669510771869682,3.5,5,0,0.002397260273972603,4.287148804784646e-4,1.433170360456426e-4,0.9999981671250229,9.164374885617146e-7,9.164374885617146e-7,0,0,10911819
13,0.13793104310344825,10.629179647890851,8.974688521223229,7.654822017300699,2.8394304572314586,4.4290548498725295,9.23108561204985,5.133788639700511,0.9922017254284583,3.5,5,0,0.002397260273972603,4.287148804784646e-4,1.433170360456426e-4,0.9999981671250229,9.164374885617146e-7,9.164374885617146e-7,0,0,10911819
14,0.13793104310344825,17.05912231421098,4.059727558063186,5.1137333763992965,5.437985149202722,4.989106627682261,0.49236779894761207,2.251890428207765,0.9923296130611561,3.5,5,0,0.002397260273972603,4.287148804784646e-4,1.433170360456426e-4,0.9999981671250229,9.164374885617146e-7,9.164374885617146e-7,0,0,10911819
15,0.13793104310344825,15.414668967481703,6.48640139063566,9.03271979662018,4.709557903062605,9.919063318528877,2.182663062903453,3.2698075992266173,0.9524872821057215,3.5,5,0,0.002397260273972603,4.287148804784646e-4,1.433170360456426e-4,0.9999981671250229,9.164374885617146e-7,9.164374885617146e-7,0,0,10911819
16,0.1724138013793103,19.22106027463451,2.5804575749641914,9.41674647160119,9.601604782550389,2.4948453514891304,5.614351833212101,1.342917085559617,0.9971249396447093,3.5,5,0,0.002397260273972603,4.287148804784646e-4,1.433170360456426e-4,0.9999981671250229,9.164374885617146e-7,9.164374885617146e-7,0,0,10911819
17,0.1724138013793103,10.848118752939627,5.42048327670593,6.763105155292488,1.138509310271121,9.09094125972838,5.665692843464569,7.655388405781007,0.967617255053483,3.5,5,0,0.002397260273972603,4.287148804784646e-4,1.433170360456426e-4,0.9999981671250229,9.164374885617146e-7,9.164374885617146e-7,0,0,10911819
18,0.1724138013793103,16.68929258477874,2.693662746608734,4.641067842557478,5.061310618678376,4.162963326672788,9.116273280321517,0.21592597807809427,0.975238778477069,3.5,5,0,0.002397260273972603,4.287148804784646e-4,1.433170360456426e-4,0.9999981671250229,9.164374885617146e-7,9.164374885617146e-7,0,0,10911819
19,0.2068965596551724,7.787762968335301,6.0921680046428,0.1811155872925135,6.116934423723203,8.776383658527754,6.534495372671732,6.068730226645355,0.9923892416991293,3.5,5,0,0.002397260273972603,4.287148804784646e-4,1.433170360456426e-4,0.9999981671250229,9.164374885617146e-7,9.164374885617146e-7,0,0,10911819
20,0.2068965596551724,4.066866357810795,3.060493076448444,2.2562195554668847,0.5227083419613693,0.5012438246234517,6.870792447902258,4.497828106946118,0.9911727753700689,3.5,5,0,0.002397260273972603,4.287148804784646e-4,1.433170360456426e-4,0.9999981671250229,9.164374885617146e-7,9.164374885617146e-7,0,0,10911819
21,0.2068965596551724,16.69241090887226,2.142231271922329,1.8684688730846313,4.720278222176159,6.616196234583233,4.452641965444799,0.7972870543488616,0.9643144137924536,3.5,5,0,0.002397260273972603,4.287148804784646e-4,1.433170360456426e-4,0.9999981671250229,9.164374885617146e-7,9.164374885617146e-7,0,0,10911819
22,0.24137931793103445,9.19489961094223,0.6613949672344374,0.8064763606406256,8.290347375612308,8.622598108041936,0.11638477310654251,1.725519619312571,0.9588164426619187,3.5,5,0,0.002397260273972603,4.287148804784646e-4,1.433170360456426e-4,0.9999981671250229,9.164374885617146e-7,9.164374885617146e-7,0,0,10911819
23,0.24137931793103445,19.16454426688142,0.3717246637994686,3.1014955236955744,6.0720716770009675,8.128014642466793,5.787469137415585,8.286544189494085,0.9737050458788872,3.5,5,0,0.002397260273972603,4.287148804784646e-4,1.433170360456426e-4,0.9999981671250229,9.164374885617146e-7,9.164374885617146e-7,0,0,10911819
24,0.24137931793103445,9.025097644887865,0.70148214790823,1.1466591022448804,5.688964659779233,9.693684321858818,6.646275613792337,1.6142624625008664,0.9932528813485988,3.5,5,0,0.002397260273972603,4.287148804784646e-4,1.433170360456426e-4,0.9999981671250229,9.164374885617146e-7,9.164374885617146e-7,0,0,10911819
25,0.2758620762068965,18.446676085004583,9.51382180680726,3.3096142282880607,5.134401463924386,2.451306540342546,6.496019831743312,3.4644460498371625,0.9630607917555607,3.5,5,0,0.002397260273972603,4.287148804784646e-4,1.433170360456426e-4,0.9999981671250229,9.164374885617146e-7,9.164374885617146e-7,0,0,10911819
26,0.2758620762068965,10.940492939669639,2.632070775880595,4.03457993002658,7.460608084474378,5.296151156541958,4.015512499625403,1.0840975432259383,0.951012645161245,3.5,5,0,0.002397260273972603,4.287148804784646e-4,1.433170360456426e-4,0.9999981671250229,9.164374885617146e-7,9.164374885617146e-7,0,0,10911819
27,0.2758620762068965,9.344383401796222,5.295460708909804,9.82936651214801,9.80019781507687,9.543017575097334,9.491663784770838,6.083021464683658,0.9866159640369006,3.5,5,0,0.002397260273972603,4.287148804784646e-4,1.433170360456426e-4,0.9999981671250229,9.164374885617146e-7,9.164374885617146e-7,0,0,10911819
28,0.31034483448275857,17.1249594213441,6.836128169987088,5.618259134209236,2.0325433610524044,0.06066879822614375,3.5949269222912745,5.473924396080881,0.9855066740885376,3.5,5,0,0.002397260273972603,4.287148804784646e-4,1.433170360456426e-4,0.9999981671250229,9.164374885617146e-7,9.164374885617146e-7,0,0,10911819
29,0.31034483448275857,5.988032963126898,8.92605845128681,0.08112461172512839,6.4144479766348335,2.5909785118843778,7.416254321837265,9.069793112669029,0.9767769681522622,3.5,5,0,0.002397260273972603,4.287148804784646e-4,1.433170360456426e-4,0.9999981671250229,9.164374885617146e-7,9.164374885617146e-7,0,0,10911819
30,0.31034483448275857,11.469174416037276,1.0155072793967115,6.303329156150042,4.39046677025251,7.823849919004052,9.90288130939978,2.3710660504355565,0.9819451574003324,3.5,5,0,0.002397260273972603,4.287148804784646e-4,1.433170360456426e-4,0.9999981671250229,9.164374885617146e-7,9.164374885617146e-7,0,0,10911819
31,0.3448275927586206,8.266992230666801,6.304757900439923,0.6299038706404216,2.0808990796565143,9.625580776520263,9.995938467327912,8.27209336234772,0.9751315845409408,3.5,5,0,0.002397260273972603,4.287148804784646e-4,1.433170360456426e-4,0.9999981671250229,9.164374885617146e-7,9.164374885617146e-7,0,0,10911819
32,0.3448275927586206,13.612150055123493,7.019363243896555,8.61701702712895,3.888270541239755,7.220893861072515,5.549834489801743,7.624451830289394,0.9972752714995294,3.5,5,0,0.002397260273972603,4.287148804784646e-4,1.433170360456426e-4,0.9999981671250229,9.164374885617146e-7,9.164374885617146e-7,0,0,10911819
33,0.3448275927586206,6.2717230438720435,7.981753759287956,8.354185961817128,0.3021964906168112,8.269510716372924,6.23227403071202,4.934284154366634,0.9573758242069743,3.5,5,0,0.002397260273972603,4.287148804784646e-4,1.433170360456426e-4,0.9999981671250229,9.164374885617146e-7,9.164374885617146e-7,0,0,10911819
34,0.3793103510344827,13.038211450679228,0.9283857103195573,4.120337644714232,8.03552556569775,6.979749787435212,3.925085687686027,4.955334691835257,0.9579946766840294,3.5,5,0,0.002397260273972603,4.287148804784646e-4,1.433170360456426e-4,0.9999981671250229,9.164374885617146e-7,9.164374885617146e-7,0,0,10911819
35,0.3793103510344827,17.100585429696366,3.624734620735551,1.0918998540905305,1.504344922408661,5.288444285286497,7.551617468952101,7.529029923272616,0.9552530642482452,3.5,5,0,0.002397260273972603,4.287148804784646e-4,1.433170360456426e-4,0.9999981671250229,9.164374885617146e-7,9.164374885617146e-7,0,0,10911819
36,0.3793103510344827,13.5468584401533,5.7164368154108,6.982517286971211,8.630939552231693,2.6548292751318607,6.654150276779437,0.9844472570978455,0.9846540184109471,3.5,5,0,0.002397260273972603,4.287148804784646e-4,1.433170360456426e-4,0.9999981671250229,9.164374885617146e-7,9.164374885617146e-7,0,0,10911819
37,0.4137931093103448,5.413478957489133,3.317321262524973,6.9340705525401996,3.91135584856734,2.692326247491553,2.6936130465795447,7.631973985353731,0.96699384044623,3.5,5,0,0.002397260273972603,4.287148804784646e-4,1.433170360456426e-4,0.9999981671250229,9.164374885617146e-7,9.164374885617146e-7,0,0,10911819
38,0.4137931093103448,9.446184929460287,4.700579338771311,7.521475481582926,5.541099724805701,9.765260571171721,9.721908275997135,9.83443900245966,0.9862606321112253,3.5,5,0,0.002397260273972603,4.287148804784646e-4,1.433170360456426e-4,0.9999981671250229,9.164374885617146e-7,9.164374885617146e-7,0,0,10911819
39,0.4137931093103448,13.525021443376318,8.069116517628848,4.949735207988199,5.165615496709093,9.703890776756959,2.473794034037851,8.451353653954607,0.971872267674189,3.5,5,0,0.002397260273972603,4.287148804784646e-4,1.433170360456426e-4,0.9999981671250229,9.164374885617146e-7,9.164374885617146e-7,0,0,10911819
40,0.44827586758620686,12.799750473350286,6.6134916831400465,9.71697958887591,1.975209564773045,0.4139561564934381,9.223240788638037,5.405049287242237,0.9515336940879933,3.5,5,0,0.002397260273972603,4.287148804784646e-4,1.433170360456426e-4,0.9999981671250229,9.164374885617146e-7,9.164374885617146e-7,0,0,10911819
41,0.44827586758620686,16.086174106691033,2.8728765419360895,9.044043668641379,0.4770530583546671,3.0121528457387483,6.164461938116548,3.1080012053624007,0.9832849273458123,3.5,5,0,0.002397260273972603,4.287148804784646e-4,1.433170360456426e-4,0.9999981671250229,9.164374885617146e-7,9.164374885617146e-7,0,0,10911819
42,0.44827586758620686,19.757077496731654,1.1269990969009058,0.8365126848071086,1.0575369032660404,0.42063470327162794,0.6266425862037172,8.67180865504091,0.9634270398179069,3.5,5,0,0.002397260273972603,4.287148804784646e-4,1.433170360456426e-4,0.9999981671250229,9.164374885617146e-7,9.164374885617146e-7,0,0,10911819
43,0.4827586258620689,7.87256074231118,0.5874990425171885,3.2656744478485478,9.295188086177854,3.443806982323496,8.137573276367016,1.222336339710741,0.9794212970766238,3.5,5,0,0.002397260273972603,4.287148804784646e-4,1.433170360456426e-4,0.9999981671250229,9.164374885617146e-7,9.164374885617146e-7,0,0,10911819
44,0.4827586258620689,14.47838088660501,3.6493461306038277,2.7575394215785463,0.7172925686433195,5.056824845290528,0.05896079220567919,2.7755724971887816,0.9702846013358793,3.5,5,0,0.002397260273972603,4.287148804784646e-4,1.433170360456426e-4,0.9999981671250229,9.164374885617146e-7,9.164374885617146e-7,0,0,10911819
45,0.4827586258620689,1.6645187926478684,3.62335098971118,1.571558447000568,2.1435412050630718,5.611280813320759,0.21828270847937456,0.9001954491036795,0.9503336879424751,3.5,5,0,0.002397260273972603,4.287148804784646e-4,1.433170360456426e-4,0.9999981671250229,9.164374885617146e-7,9.164374885617146e-7,0,0,10911819
46,0.517241384137931,15.89743217267096,4.101328962141056,7.155347694927307,1.3662032535551554,8.762561930467253,2.211513743583376,7.4306097605972425,0.9554729004157707,3.5,5,0,0.002397260273972603,4.287148804784646e-4,1.433170360456426e-4,0.9999981671250229,9.164374885617146e-7,9.164374885617146e-7,0,0,10911819
47,0.517241384137931,12.601320894202217,7.027046922891604,7.962770369107599,0.816876020735158,3.367966446757418,3.6761541973604057,2.78155891529757,0.9918152316706255,3.5,5,0,0.002397260273972603,4.287148804784646e-4,1.433170360456426e-4,0.9999981671250229,9.164374885617146e-7,9.164374885617146e-7,0,0,10911819
48,0.517241384137931,9.425462862942368,6.435533378164034,7.380827060231224,7.699180508728184,3.647739194037457,3.484903544373394,1.6982754770586184,0.9815738815581426,3.5,5,0,0.002397260273972603,4.287148804784646e-4,1.433170360456426e-4,0.9999981671250229,9.164374885617146e-7,9.164374885617146e-7,0,0,10911819
49,0.5517241424137931,2.007854698225856,5.863756011653809,2.3488426332562575,5.945189125310054,8.36928355989521,1.0200335606599382,0.4151139301519555,0.9562273682560771,3.5,5,0,0.002397260273972603,4.287148804784646e-4,1.433170360456426e-4,0.9999981671250229,9.164374885617146e-7,9.164374885617146e-7,0,0,10911819
50,0.5517241424137931,16.481469745514914,8.231131830429593,6.529364048384742,7.04484668357047,0.9939512503026212,2.955533455364773,6.174852464264931,0.9538884445908479,3.5,5,0,0.002397260273972603,4.287148804784646e-4,1.433170360456426e-4,0.9999981671250229,9.164374885617146e-7,9.164374885617146e-7,0,0,10911819
51,0.5517241424137931,8.050012197578326,7.159215994463327,7.620088749337514,2.3298501324128136,8.146635072956796,3.415255195654027,0.8361928034424374,0.9671810920001007,3.5,5,0,0.002397260273972603,4.287148804784646e-4,1.433170360456426e-4,0.9999981671250229,9.164374885617146e-7,9.164374885617146e-7,0,0,10911819
52,0.5862069006896552,6.3317941268906,5.650693530186082,4.860431210186199,3.9999178290779276,7.8146695161560995,3.744054504830136,9.465077691764977,0.9501248628250323,3.5,5,0,0.002397260273972603,4.287148804784646e-4,1.433170360456426e-4,0.9999981671250229,9.164374885617146e-7,9.164374885617146e-7,0,0,10911819
53,0.5862069006896552,1.4917305081617087,7.867381798782374,9.912751324017876,9.862126540406425,3.2694018778602523,6.562047559180434,0.4820372918825443,0.9833698702976107,3.5,5,0,0.002397260273972603,4.287148804784646e-4,1.433170360456426e-4,0.9999981671250229,9.164374885617146e-7,9.164374885617146e-7,0,0,10911819
54,0.5862069006896552,15.462285785237327,4.4525150820572454,8.075251172023517,9.64195128068183,7.339313789536887,6.078274527491156,8.778735974460032,0.9816741906572133,3.5,5,0,0.002397260273972603,4.287148804784646e-4,1.433170360456426e-4,0.9999981671250229,9.164374885617146e-7,9.164374885617146e-7,0,0,10911819
55,0.6206896589655172,14.364615784026682,4.97893872022548,4.659357599982477,0.8188440659882679,8.482781243662266,9.553199524570234,9.340839306889825,0.9810142041416838,3.5,5,0,0.002397260273972603,4.287148804784646e-4,1.433170360456426e-4,0.9999981671250229,9.164374885617146e-7,9.164374885617146e-7,0,0,10911819
56,0.6206896589655172,1.5558232516050339,5.197039512466373,9.168971348637,3.3875306073669424,7.029498964845161,7.196073094663275,9.799989941549931,0.965868897177279,3.5,5,0,0.002397260273972603,4.287148804784646e-4,1.433170360456426e-4,0.9999981671250229,9.164374885617146e-7,9.164374885617146e-7,0,0,10911819
57,0.6206896589655172,18.21401026681997,0.6498746792822723,7.760542393885982,6.944532920911981,7.720001561329526,2.336307359694394,7.681281436466585,0.9670817694510333,3.5,5,0,0.002397260273972603,4.287148804784646e-4,1.433170360456426e-4,0.9999981671250229,9.164374885617146e-7,9.164374885617146e-7,0,0,10911819
58,0.6551724172413793,17.744225934380665,7.871261504691627,6.630121968092246,0.1419513798863626,7.429217149294946,7.967580487223556,3.686069118024738,0.9902154419454746,3.5,5,0,0.002397260273972603,4.287148804784646e-4,1.433170360456426e-4,0.9999981671250229,9.164374885617146e-7,9.164374885617146e-7,0,0,10911819
59,0.6551724172413793,5.212338440353051,6.2355282883199,3.9253303973490956,8.060379144929597,3.545584669982118,7.266689113148941,1.2977018611826023,0.9645482646301389,3.5,5,0,0.002397260273972603,4.287148804784646e-4,1.433170360456426e-4,0.9999981671250229,9.164374885617146e-7,9.164374885617146e-7,0,0,10911819
60,0.6551724172413793,16.44907237100415,3.618055987810023,4.705339647427676,3.367488724842817,3.08352605043226,3.657104476057983,4.440812012736605,0.990676536236424,3.5,5,0,0.002397260273972603,4.287148804784646e-4,1.433170360456426e-4,0.9999981671250229,9.164374885617146e-7,9.164374885617146e-7,0,0,10911819
61,0.6896551755172413,18.563418813282624,8.420953203616243,1.8017629658619678,1.5136526463657753,1.3089117300074535,0.8828480131728078,6.929724961826269,0.9561185965081677,3.5,5,0,0.002397260273972603,4.287148804784646e-4,1.433170360456426e-4,0.9999981671250229,9.164374885617146e-7,9.164374885617146e-7,0,0,10911819
62,0.6896551755172413,6.27243062783964,6.411539218747344,9.64481516046276,0.49853885175679963,9.80283315062632,1.1331790321991477,8.466656755343678,0.9720794796594419,3.5,5,0,0.002397260273972603,4.287148804784646e-4,1.433170360456426e-4,0.9999981671250229,9.164374885617146e-7,9.164374885617146e-7,0,0,10911819
63,0.6896551755172413,18.087803276721388,4.527547120198235,0.8789170449407481,5.189722001567948,6.147313958884849,0.39999759619198033,6.825650604759197,0.9883910808130167,3.5,5,0,0.002397260273972603,4.287148804784646e-4,1.433170360456426e-4,0.9999981671250229,9.164374885617146e-7,9.164374885617146e-7,0,0,10911819
64,0.7241379337931034,14.753983497153968,5.365922193040681,8.91316360804876,6.752960821938373,8.378462791605024,5.298449299768382,8.72951546230951,0.989453635411337,3.5,5,0,0.002397260273972603,4.287148804784646e-4,1.433170360456426e-4,0.9999981671250229,9.164374885617146e-7,9.164374885617146e-7,0,0,10911819
65,0.7241379337931034,18.0441399931442,8.602083923900594,9.907951366631206,9.913237043665085,7.249164015795448,6.280178088135471,3.3048723993998803,0.9953981085214764,3.5,5,0,0.002397260273972603,4.287148804784646e-4,1.433170360456426e-4,0.9999981671250229,9.164374885617146e-7,9.164374885617146e-7,0,0,10911819
66,0.7241379337931034,17.929072117665783,1.9080262592703747,5.983123258157921,2.1845602345086417,4.931930867530573,2.0863673983604833,9.548855002548956,0.9791371867991984,3.5,5,0,0.002397260273972603,4.287148804784646e-4,1.433170360456426e-4,0.9999981671250229,9.164374885617146e-7,9.164374885617146e-7,0,0,10911819
67,0.7586206920689654,15.787219190271571,3.1144877693050788,9.7346239164737,1.5144502100638384,4.410201125405915,7.595957557445515,8.012814105221418,0.9514525452512316,3.5,5,0,0.002397260273972603,4.287148804784646e-4,1.433170360456426e-4,0.9999981671250229,9.164374885617146e-7,9.164374885617146e-7,0,0,10911819
68,0.7586206920689654,9.380150596844032,2.1422408761863787,6.820469959956966,4.978555671907191,8.223842662005419,2.153187613787637,2.135249584302745,0.976635868777521,3.5,5,0,0.002397260273972603,4.287148804784646e-4,1.433170360456426e-4,0.9999981671250229,9.164374885617146e-7,9.164374885617146e-7,0,0,10911819
69,0.7586206920689654,10.089029724011198,8.890872779413211,8.498847426531077,6.554904310377235,4.562512967347955,0.7708786716600594,1.886629828597574,0.9697278100065887,3.5,5,0,0.002397260273972603,4.287148804784646e-4,1.433170360456426e-4,0.9999981671250229,9.164374885617146e-7,9.164374885617146e-7,0,0,10911819
70,0.7931034503448275,18.657145562581718,4.041381008587593,5.900216666460234,2.7459549049650294,4.028634129223573,6.5338201312089135,4.514798331622937,0.9904801035649143,3.5,5,0,0.002397260273972603,4.287148804784646e-4,1.433170360456426e-4,0.9999981671250229,9.164374885617146e-7,9.164374885617146e-7,0,0,10911819
71,0.7931034503448275,2.3077113672625273,2.221275880779358,8.398972104929303,7.730112464859828,0.18248844757131047,5.6910092620762756,6.739123578043779,0.9930038153659553,3.5,5,0,0.002397260273972603,4.287148804784646e-4,1.433170360456426e-4,0.9999981671250229,9.164374885617146e-7,9.164374885617146e-7,0,0,10911819
72,0.7931034503448275,1.8611901660915464,9.517938664696889,8.014924843062783,3.275629129001893,9.962649641096602,1.1478751324587406,2.054161779445762,0.9773142045829445,3.5,5,0,0.002397260273972603,4.287148804784646e-4,1.433170360456426e-4,0.9999981671250229,9.164374885617146e-7,9.164374885617146e-7,0,0,10911819
73,0.8275862086206897,16.631007126066834,3.811181472301967,5.736971050927172,1.8759553584943645,0.035330325895872206,7.231758313996007,6.885997781375762,0.993871970847249,3.5,5,0,0.002397260273972603,4.287148804784646e-4,1.433170360456426e-4,0.9999981671250229,9.164374885617146e-7,9.164374885617146e-7,0,0,10911819
74,0.8275862086206897,11.37594595272094,1.1518967276905272,9.181959384668467,9.345622465545556,4.612912454715403,7.597078373895969,7.415407400371058,0.9697449179831892,3.5,5,0,0.002397260273972603,4.287148804784646e-4,1.433170360456426e-4,0.9999981671250229,9.164374885617146e-7,9.164374885617146e-7,0,0,10911819
75,0.8275862086206897,8.875626873224974,6.874275962203389,4.2684574570650415,7.750908346140286,2.9058430350960505,0.5431939507978193,7.5355216188026795,0.9520448565017432,3.5,5,0,0.002397260273972603,4.287148804784646e-4,1.433170360456426e-4,0.9999981671250229,9.164374885617146e-7,9.164374885617146e-7,0,0,10911819
76,0.8620689668965517,11.375095290364698,1.6323359039597876,4.079346270892513,2.3009783782313358,9.878257513058438,4.835295337768789,0.46305069562422313,0.956245440384373,3.5,5,0,0.002397260273972603,4.287148804784646e-4,1.433170360456426e-4,0.9999981671250229,9.164374885617146e-7,9.164374885617146e-7,0,0,10911819
77,0.8620689668965517,15.471951373387128,4.252073048257436,9.315441744470506,6.213459894439743,8.076882227516261,3.7622830720336826,9.49605480772826,0.9707404023385606,3.5,5,0,0.002397260273972603,4.287148804784646e-4,1.433170360456426e-4,0.9999981671250229,9.164374885617146e-7,9.164374885617146e-7,0,0,10911819
78,0.8620689668965517,13.359025239478797,4.650965596618455,9.032535746324696,8.07576312702765,4.29026012365993,4.902768328829958,8.498453044017058,0.984536758903414,3.5,5,0,0.002397260273972603,4.287148804784646e-4,1.433170360456426e-4,0.9999981671250229,9.164374885617146e-7,9.164374885617146e-7,0,0,10911819
79,0.8965517251724138,19.165842527523637,0.016140934146948813,0.3603550824663127,1.8409799699448683,4.325980793786462,4.089157225689545,2.4032540394139423,0.9744448340497911,3.5,5,0,0.002397260273972603,4.287148804784646e-4,1.433170360456426e-4,0.9999981671250229,9.164374885617146e-7,9.164374885617146e-7,0,0,10911819
80,0.8965517251724138,12.907784827053547,8.251944545365587,3.5201882065234376,6.862794445210001,3.7664583238487332,7.606217328232741,4.795477921663626,0.9653892772854306,3.5,5,0,0.002397260273972603,4.287148804784646e-4,1.433170360456426e-4,0.9999981671250229,9.164374885617146e-7,9.164374885617146e-7,0,0,10911819
81,0.8965517251724138,4.305888124741614,6.600788543340738,2.9314875097563267,1.766200157240124,3.635493785313688,2.427528769069433,9.448421604520851,0.9981417086557485,3.5,5,0,0.002397260273972603,4.287148804784646e-4,1.433170360456426e-4,0.9999981671250229,9.164374885617146e-7,9.164374885617146e-7,0,0,10911819
82,0.9310344834482758,19.196611574152485,4.419535450264065,1.363632565762217,1.204791551869715,3.375543654627442,0.850861019904149,2.675411827663399,0.9698074936168268,3.5,5,0,0.002397260273972603,4.287148804784646e-4,1.433170360456426e-4,0.9999981671250229,9.164374885617146e-7,9.164374885617146e-7,0,0,10911819
83,0.9310344834482758,17.535195893608034,0.6616709902907679,9.884211083420023,0.7851324775157857,5.771568455224879,8.192204723781078,6.173460546797953,0.9868681398336776,3.5,5,0,0.002397260273972603,4.287148804784646e-4,1.433170360456426e-4,0.9999981671250229,9.164374885617146e-7,9.164374885617146e-7,0,0,10911819
84,0.9310344834482758,18.44401082256809,9.145123004067495,4.038397665731723,2.6480433515174413,8.318383207247185,1.3983007622171197,0.9880997715216553,0.9838043055962771,3.5,5,0,0.002397260273972603,4.287148804784646e-4,1.433170360456426e-4,0.9999981671250229,9.164374885617146e-7,9.164374885617146e-7,0,0,10911819
85,0.9655172417241379,19.513651226414368,2.4041605189587893,0.21083625829881378,7.364003288357554,6.271909668948782,6.787964119897121,5.702745195442265,0.9575979681685567,3.5,5,0,0.002397260273972603,4.287148804784646e-4,1.433170360456426e-4,0.9999981671250229,9.164374885617146e-7,9.164374885617146e-7,0,0,10911819
86,0.9655172417241379,6.035973849473521,3.838139270117157,8.030124281264388,3.218708842273928,7.108204472167887,5.920824967732651,1.877866884108733,0.966766699438449,3.5,5,0,0.002397260273972603,4.287148804784646e-4,1.433170360456426e-4,0.9999981671250229,9.164374885617146e-7,9.164374885617146e-7,0,0,10911819
87,0.9655172417241379,13.854742845054716,4.096805803136761,0.06416835921523328,6.171865701126906,5.124124123736791,8.388561585613552,5.611587893656643,0.9687848370522261,3.5,5,0,0.002397260273972603,4.287148804784646e-4,1.433170360456426e-4,0.9999981671250229,9.164374885617146e-7,9.164374885617146e-7,0,0,10911819
88,1,1.2761274967342615,6.300630395204962,9.323786345843791,4.4458770990337895,1.7709650968979913,4.5703688525436466,7.231558438201676,0.9756154186208732,3.5,5,0,0.002397260273972603,4.287148804784646e-4,1.433170360456426e-4,0.9999981671250229,9.164374885617146e-7,9.164374885617146e-7,0,0,10911819
89,1,1.5592114750761539,1.8752200490537954,0.5805834042945897,9.662485756013766,3.7775804155209354,9.269563336929707,2.0909161547657398,0.9953456968767569,3.5,5,0,0.002397260273972603,4.287148804784646e-4,1.433170360456426e-4,0.9999981671250229,9.164374885617146e-7,9.164374885617146e-7,0,0,10911819
90,1,13.49949853355065,7.976442959827629,5.009561221148674,6.736802796693875,7.5685529273572145,3.18782099590772,5.377186076246548,0.96860386650078,3.5,5,0,0.002397260273972603,4.287148804784646e-4,1.433170360456426e-4,0.9999981671250229,9.164374885617146e-7,9.164374885617146e-7,0,0,10911819
91,0.7730142098732679,1,5.3167052059461035,2.997087781086501,0.4391913777464852,1.2446400555224155,4.946686167309616,2.216280997577841,0.9543146192794665,3.5,5,0,0.002397260273972603,4.287148804784646e-4,1.433170360456426e-4,0.9999981671250229,9.164374885617146e-7,9.164374885617146e-7,0,0,10911819
92,0.5848534318689279,1,3.3248807124018067,0.6694488539377789,5.151569794882644,4.872617240110923,9.610149078110103,2.6818130498619603,0.9821302635595203,3.5,5,0,0.002397260273972603,4.287148804784646e-4,1.433170360456426e-4,0.9999981671250229,9.164374885617146e-7,9.164374885617146e-7,0,0,10911819
93,0.8120634041428136,1,3.365224044036496,1.7552801369552222,1.9172801551109884,6.350060049809431,4.090208907736986,7.622009187708921,0.9879101259750314,3.5,5,0,0.002397260273972603,4.287148804784646e-4,1.433170360456426e-4,0.9999981671250229,9.164374885617146e-7,9.164374885617146e-7,0,0,10911819
94,0.664673845842981,1.6551724137931034,8.10728392117026,4.197143377385174,6.423623089570562,6.510212044580572,5.411867083043463,1.1074779983189211,0.9806739438208751,3.5,5,0,0.002397260273972603,4.287148804784646e-4,1.433170360456426e-4,0.9999981671250229,9.164374885617146e-7,9.164374885617146e-7,0,0,10911819
95,0.7956330645311375,1.6551724137931034,0.10406396683544669,4.064299446192888,7.09016434178915,6.270144824311593,2.410300654186809,0.3352714339622691,0.959777728433255,3.5,5,0,0.002397260273972603,4.287148804784646e-4,1.433170360456426e-4,0.9999981671250229,9.164374885617146e-7,9.164374885617146e-7,0,0,10911819
96,0.6214941484519986,1.6551724137931034,1.0216982625089939,1.5739205068952808,8.957246679451284,1.1058712293906137,7.832006998576956,2.555504837817835,0.9555404590326361,3.5,5,0,0.002397260273972603,4.287148804784646e-4,1.433170360456426e-4,0.9999981671250229,9.164374885617146e-7,9.164374885617146e-7,0,0,10911819
97,0.5530494307625063,2.310344827586207,5.269656971104365,9.272025039026667,5.902284929007282,2.943620130659708,0.8958008847921676,0.2172328914053893,0.9550397218437865,3.5,5,0,0.002397260273972603,4.287148804784646e-4,1.433170360456426e-4,0.9999981671250229,9.164374885617146e-7,9.164374885617146e-7,0,0,10911819
98,0.21769005400127653,2.310344827586207,0.8469859892342215,0.13131179712679453,9.640265919769766,8.232871936810895,4.935526783153223,5.9614290557183685,0.9994551957817748,3.5,5,0,0.002397260273972603,4.287148804784646e-4,1.433170360456426e-4,0.9999981671250229,9.164374885617146e-7,9.164374885617146e-7,0,0,10911819
99,0.4753660973005124,2.310344827586207,1.6691648153537109,5.95544014166508,1.3981715342249854,7.351115977190828,3.967875429101004,0.40527237209512484,0.9606109581654891,3.5,5,0,0.002397260273972603,4.287148804784646e-4,1.433170360456426e-4,0.9999981671250229,9.164374885617146e-7,9.164374885617146e-7,0,0,10911819
100,0.8451977990681082,2.9655172413793105,1.9204171755048807,7.397724276203119,9.280386520621617,1.0693216053386445,8.937878888206598,1.3731505288056107,0.9800354684120975,3.5,5,0,0.002397260273972603,4.287148804784646e-4,1.433170360456426e-4,0.9999981671250229,9.164374885617146e-7,9.164374885617146e-7,0,0,10911819
101,0.8433467037342973,2.9655172413793105,6.19865356284023,6.076673358139828,0.832511234082609,9.123645578598694,6.4407553247941385,8.201238988147248,0.9534870401257649,3.5,5,0,0.002397260273972603,4.287148804784646e-4,1.433170360456426e-4,0.9999981671250229,9.164374885617146e-7,9.164374885617146e-7,0,0,10911819
102,0.8709682411378883,2.9655172413793105,9.019922693358021,7.711282265601446,5.3832092513290455,5.909372333380606,2.0980530100394645,0.20473755528382798,0.9600551174604334,3.5,5,0,0.002397260273972603,4.287148804784646e-4,1.433170360456426e-4,0.9999981671250229,9.164374885617146e-7,9.164374885617146e-7,0,0,10911819
103,0.9683655221850356,3.6206896551724137,9.775177789874505,0.5541423717646312,9.648796301370217,1.0758998742869292,2.7195989045144313,0.640568408188374,0.9714977246010675,3.5,5,0,0.002397260273972603,4.287148804784646e-4,1.433170360456426e-4,0.9999981671250229,9.164374885617146e-7,9.164374885617146e-7,0,0,10911819
104,0.09845544507751337,3.6206896551724137,5.958964769201263,4.719728776781787,5.314812390602257,2.2462276935880583,9.028723887264999,8.405914053014632,0.9694767465698533,3.5,5,0,0.002397260273972603,4.287148804784646e-4,1.433170360456426e-4,0.9999981671250229,9.164374885617146e-7,9.164374885617146e-7,0,0,10911819
105,0.5238933315148172,3.6206896551724137,2.652221071337314,8.981298566897756,3.199814263014276,9.440809569843154,8.370898007578145,4.394069158567053,0.959556649182923,3.5,5,0,0.002397260273972603,4.287148804784646e-4,1.433170360456426e-4,0.9999981671250229,9.164374885617146e-7,9.164374885617146e-7,0,0,10911819
106,0.9681678648030339,4.275862068965517,4.096529102543258,5.48861720644348,5.292539243125785,1.467602456376105,0.4606102300102675,4.089452583002523,0.9713572024484165,3.5,5,0,0.002397260273972603,4.287148804784646e-4,1.433170360456426e-4,0.9999981671250229,9.164374885617146e-7,9.164374885617146e-7,0,0,10911819
107,0.3394181091272683,4.275862068965517,0.8382706353289384,7.335028490318124,8.003366859829413,8.998568654160508,6.247876952777506,6.11737182402694,0.9666996271116659,3.5,5,0,0.002397260273972603,4.287148804784646e-4,1.433170360456426e-4,0.9999981671250229,9.164374885617146e-7,9.164374885617146e-7,0,0,10911819
108,0.48771909251862616,4.275862068965517,0.436129745586694,8.61204181811682,0.256376307035064,1.9696358203536402,4.520729724865716,3.9396176446701667,0.9876473152427934,3.5,5,0,0.002397260273972603,4.287148804784646e-4,1.433170360456426e-4,0.9999981671250229,9.164374885617146e-7,9.164374885617146e-7,0,0,10911819
109,0.7766011330752886,4.931034482758621,0.8531150580217496,0.9562171888268262,4.157963607578803,8.364005799103214,5.588579064210572,4.625085963008113,0.9568807235453277,3.5,5,0,0.002397260273972603,4.287148804784646e-4,1.433170360456426e-4,0.9999981671250229,9.164374885617146e-7,9.164374885617146e-7,0,0,10911819
110,0.8449765724731156,4.931034482758621,6.162451403599283,9.701701626211433,0.7325445450796609,2.1422394745459044,6.437410489080968,1.7832648576072094,0.9815369965974241,3.5,5,0,0.002397260273972603,4.287148804784646e-4,1.433170360456426e-4,0.9999981671250229,9.164374885617146e-7,9.164374885617146e-7,0,0,10911819
111,0.8349885642731533,4.931034482758621,0.22967425272714415,9.685396926974674,9.711103118053655,1.3107195342266973,3.3732075902740903,7.977079267350221,0.9856373301125132,3.5,5,0,0.002397260273972603,4.287148804784646e-4,1.433170360456426e-4,0.9999981671250229,9.164374885617146e-7,9.164374885617146e-7,0,0,10911819
112,0.2465530190058755,5.586206896551724,1.1388611895511462,1.4165250034273078,6.787694851257762,5.848362758239525,9.293813111796814,6.175132692242686,0.9541966056101955,3.5,5,0,0.002397260273972603,4.287148804784646e-4,1.433170360456426e-4,0.9999981671250229,9.164374885617146e-7,9.164374885617146e-7,0,0,10911819
113,0.5557294285579761,5.586206896551724,9.64859620671508,1.5586323602184513,4.315254961243267,1.5934265716026061,2.2625030189108175,1.0811505289353935,0.9737244415679015,3.5,5,0,0.002397260273972603,4.287148804784646e-4,1.433170360456426e-4,0.9999981671250229,9.164374885617146e-7,9.164374885617146e-7,0,0,10911819
114,0.8139694889518315,5.586206896551724,8.120095622913775,0.4817212964613153,9.295077568456243,5.011530635445968,2.9189899175058285,1.9126321872401746,0.9978461810853332,3.5,5,0,0.002397260273972603,4.287148804784646e-4,1.433170360456426e-4,0.9999981671250229,9.164374885617146e-7,9.164374885617146e-7,0,0,10911819
115,0.892589565742119,6.241379310344827,8.299434939569418,8.742453814609934,5.9549346104584036,2.140807598683866,2.9084022001004355,3.267309966704731,0.9770657525281422,3.5,5,0,0.002397260273972603,4.287148804784646e-4,1.433170360456426e-4,0.9999981671250229,9.164374885617146e-7,9.164374885617146e-7,0,0,10911819
116,0.600461576636891,6.241379310344827,3.3490150335376563,5.331097001211084,4.819121931731973,9.0770063852883,8.552248350023712,5.53378921512473,0.9831842026673258,3.5,5,0,0.002397260273972603,4.287148804784646e-4,1.433170360456426e-4,0.9999981671250229,9.164374885617146e-7,9.164374885617146e-7,0,0,10911819
117,0.3597050571116755,6.241379310344827,7.607692748081751,3.868018200768546,1.2294187824630496,4.021815765315576,7.476002117871318,0.7638766160157706,0.9815520375268534,3.5,5,0,0.002397260273972603,4.287148804784646e-4,1.433170360456426e-4,0.9999981671250229,9.164374885617146e-7,9.164374885617146e-7,0,0,10911819
118,0.6213758886469952,6.896551724137931,8.027603435527332,3.3317082661353075,5.2438678573916535,5.240099146506833,9.410494768585355,2.50749770626845,0.9517579130479135,3.5,5,0,0.002397260273972603,4.287148804784646e-4,1.433170360456426e-4,0.9999981671250229,9.164374885617146e-7,9.164374885617146e-7,0,0,10911819
119,0.8395568174056202,6.896551724137931,8.926458337917245,1.3226626845372116,9.299689068063344,9.543222633701792,2.8238839057931022,0.7794136050995932,0.9803044683998451,3.5,5,0,0.002397260273972603,4.287148804784646e-4,1.433170360456426e-4,0.9999981671250229,9.164374885617146e-7,9.164374885617146e-7,0,0,10911819
120,0.5460085103983959,6.896551724137931,6.739293076424036,6.021274663905811,6.562190926977556,7.140194704110798,5.9786681113129365,3.4807896504178597,0.952466972253751,3.5,5,0,0.002397260273972603,4.287148804784646e-4,1.433170360456426e-4,0.9999981671250229,9.164374885617146e-7,9.164374885617146e-7,0,0,10911819
121,0.49351558199928613,7.551724137931034,9.972141461915328,5.0539607466487935,3.579512909696805,6.9750197490908254,7.797158863615737,8.932146206604932,0.9858787240693345,3.5,5,0,0.002397260273972603,4.287148804784646e-4,1.433170360456426e-4,0.9999981671250229,9.164374885617146e-7,9.164374885617146e-7,0,0,10911819
122,0.4587550000861045,7.551724137931034,6.584983754778919,9.859260905082442,6.621732877439576,8.934719867645189,8.354429544579881,7.307287582931227,0.988224038714543,3.5,5,0,0.002397260273972603,4.287148804784646e-4,1.433170360456426e-4,0.9999981671250229,9.164374885617146e-7,9.164374885617146e-7,0,0,10911819
123,0.5500719217407201,7.551724137931034,1.5899765313631105,5.925020492111843,6.117638210222931,6.170140481936958,2.1194612405692848,5.599330408007389,0.974938806251157,3.5,5,0,0.002397260273972603,4.287148804784646e-4,1.433170360456426e-4,0.9999981671250229,9.164374885617146e-7,9.164374885617146e-7,0,0,10911819
124,0.027499868014958465,8.206896551724139,1.2200187877218642,1.8754956017922257,2.9561430665257653,0.7864811187510323,5.604575337350327,5.087565156191093,0.9963861184660345,3.5,5,0,0.002397260273972603,4.287148804784646e-4,1.433170360456426e-4,0.9999981671250229,9.164374885617146e-7,9.164374885617146e-7,0,0,10911819
125,0.02227475237869193,8.206896551724139,8.084233612945027,6.840688453837511,0.14202826289319587,9.553696613337772,5.8960742460942415,9.068914260808354,0.9685416704160161,3.5,5,0,0.002397260273972603,4.287148804784646e-4,1.433170360456426e-4,0.9999981671250229,9.164374885617146e-7,9.164374885617146e-7,0,0,10911819
126,0.3555349320358513,8.206896551724139,6.464630095641694,6.25093319257959,4.228990870173702,7.612729808554362,3.7871056009708948,9.571701192805532,0.952151370071806,3.5,5,0,0.002397260273972603,4.287148804784646e-4,1.433170360456426e-4,0.9999981671250229,9.164374885617146e-7,9.164374885617146e-7,0,0,10911819
127,0.7786152482750832,8.862068965517242,9.787461778635924,1.4442359757783527,1.0508679630802067,9.010219539148991,8.844585004378168,8.227448002612523,0.9589605973684229,3.5,5,0,0.002397260273972603,4.287148804784646e-4,1.433170360456426e-4,0.9999981671250229,9.164374885617146e-7,9.164374885617146e-7,0,0,10911819
128,0.13371957051718175,8.862068965517242,8.644180658874642,4.781236502398142,2.209364409406216,8.496272468624134,8.81430227554153,3.1025408611079763,0.9922349140746519,3.5,5,0,0.002397260273972603,4.287148804784646e-4,1.433170360456426e-4,0.9999981671250229,9.164374885617146e-7,9.164374885617146e-7,0,0,10911819
129,0.23398165844852048,8.862068965517242,4.728216738967275,9.735276198506751,0.9340283539830253,7.457930557683998,4.809015964211317,9.262391375451536,0.9843472748994827,3.5,5,0,0.002397260273972603,4.287148804784646e-4,1.433170360456426e-4,0.9999981671250229,9.164374885617146e-7,9.164374885617146e-7,0,0,10911819
130,0.9199695339047542,9.517241379310345,7.71886701951263,2.7154707077724582,5.238727548170125,5.134044862838907,5.389687628946294,4.038830733057182,0.953526036592666,3.5,5,0,0.002397260273972603,4.287148804784646e-4,1.433170360456426e-4,0.9999981671250229,9.164374885617146e-7,9.164374885617146e-7,0,0,10911819
131,0.0258790955036354,9.517241379310345,4.046901199630656,9.967958803757504,3.235771167768448,3.1586102309958903,7.015605697241097,8.935279222311753,0.9697036849916912,3.5,5,0,0.002397260273972603,4.287148804784646e-4,1.433170360456426e-4,0.9999981671250229,9.164374885617146e-7,9.164374885617146e-7,0,0,10911819
132,0.1925380170997764,9.517241379310345,9.859583254451936,8.563198312329385,7.071575704323535,7.959882137569651,2.8764700011954485,7.691010274223914,0.9748441882431507,3.5,5,0,0.002397260273972603,4.287148804784646e-4,1.433170360456426e-4,0.9999981671250229,9.164374885617146e-7,9.164374885617146e-7,0,0,10911819
133,0.310993757236887,10.172413793103448,1.112866013733902,5.5967637854374885,0.8492689705291318,3.7644046248584444,0.9458913802841469,6.681435641698845,0.9686452496098354,3.5,5,0,0.002397260273972603,4.287148804784646e-4,1.433170360456426e-4,0.9999981671250229,9.164374885617146e-7,9.164374885617146e-7,0,0,10911819
134,0.0325017053526211,10.172413793103448,6.344496186722542,5.193239991102481,8.873980194442817,3.5759542423205235,6.746465009962531,6.410808263239811,0.9819852542015723,3.5,5,0,0.002397260273972603,4.287148804784646e-4,1.433170360456426e-4,0.9999981671250229,9.164374885617146e-7,9.164374885617146e-7,0,0,10911819
135,0.5984360739232599,10.172413793103448,4.020518158229107,4.431840468289216,1.6937007903045809,1.0030681998152642,4.498475785917344,5.235925305645483,0.9689864494372159,3.5,5,0,0.002397260273972603,4.287148804784646e-4,1.433170360456426e-4,0.9999981671250229,9.164374885617146e-7,9.164374885617146e-7,0,0,10911819
136,0.4175290584137981,10.827586206896552,6.304431376416989,7.68839423567821,8.707177920861929,2.3957193347779135,8.390299291510917,9.71322546715922,0.9602466867770999,3.5,5,0,0.002397260273972603,4.287148804784646e-4,1.433170360456426e-4,0.9999981671250229,9.164374885617146e-7,9.164374885617146e-7,0,0,10911819
137,0.19377197432965745,10.827586206896552,1.6044444738900903,5.388825135766641,5.143444736508158,1.1233838819462056,6.992828515658986,2.078633190459153,0.9985409672255627,3.5,5,0,0.002397260273972603,4.287148804784646e-4,1.433170360456426e-4,0.9999981671250229,9.164374885617146e-7,9.164374885617146e-7,0,0,10911819
138,0.2440696043118284,10.827586206896552,0.17991802753361247,1.4635154054654744,8.6860743492293,3.096083906238249,1.478336237757473,7.1647934339050465,0.9726511599728838,3.5,5,0,0.002397260273972603,4.287148804784646e-4,1.433170360456426e-4,0.9999981671250229,9.164374885617146e-7,9.164374885617146e-7,0,0,10911819
139,0.3988658485045925,11.482758620689655,6.532031745065349,3.978873913312809,6.32304680337646,2.077961148089378,8.842892199870425,7.53893144919002,0.9862561040092259,3.5,5,0,0.002397260273972603,4.287148804784646e-4,1.433170360456426e-4,0.9999981671250229,9.164374885617146e-7,9.164374885617146e-7,0,0,10911819
140,0.8790461018669723,11.482758620689655,3.929322998180831,8.822032779107321,2.676201568251836,0.21807415741526176,6.29791434192798,8.757729174227816,0.9930935383192263,3.5,5,0,0.002397260273972603,4.287148804784646e-4,1.433170360456426e-4,0.9999981671250229,9.164374885617146e-7,9.164374885617146e-7,0,0,10911819
141,0.5983837158999611,11.482758620689655,8.631588628186782,9.322864026830258,3.716567943966648,8.14932160097986,5.992597588738698,1.1919440873393397,0.9549006375134922,3.5,5,0,0.002397260273972603,4.287148804784646e-4,1.433170360456426e-4,0.9999981671250229,9.164374885617146e-7,9.164374885617146e-7,0,0,10911819
142,0.8873293832501318,12.137931034482758,5.483553356477013,3.4380145400805286,3.210715344854625,5.09379739456512,7.197626701370722,9.527436529799123,0.9981821433641016,3.5,5,0,0.002397260273972603,4.287148804784646e-4,1.433170360456426e-4,0.9999981671250229,9.164374885617146e-7,9.164374885617146e-7,0,0,10911819
143,0.9516302894515598,12.137931034482758,5.058670023484687,6.090890774894262,8.603964692586938,4.762736270727913,5.215795909067337,0.7141490802141471,0.9808368973317556,3.5,5,0,0.002397260273972603,4.287148804784646e-4,1.433170360456426e-4,0.9999981671250229,9.164374885617146e-7,9.164374885617146e-7,0,0,10911819
144,0.494832951504914,12.137931034482758,1.068777896891332,2.9334742815781034,0.1534051597651747,1.93976815404879,6.447890957706985,4.219021506719969,0.9706557765370235,3.5,5,0,0.002397260273972603,4.287148804784646e-4,1.433170360456426e-4,0.9999981671250229,9.164374885617146e-7,9.164374885617146e-7,0,0,10911819
145,0.33228216149803785,12.793103448275861,5.026948273213559,9.046106538830719,2.886459038838568,7.672007580054893,8.795756807205551,5.050647678348639,0.9555669872206636,3.5,5,0,0.002397260273972603,4.287148804784646e-4,1.433170360456426e-4,0.9999981671250229,9.164374885617146e-7,9.164374885617146e-7,0,0,10911819
146,0.12234197084212807,12.793103448275861,9.531033134600477,1.5144695117241955,9.640737872141019,9.580075005111368,5.382060853760548,5.986965410812662,0.9724163360078819,3.5,5,0,0.002397260273972603,4.287148804784646e-4,1.433170360456426e-4,0.9999981671250229,9.164374885617146e-7,9.164374885617146e-7,0,0,10911819
147,0.05484942220940921,12.793103448275861,6.779415139784858,8.837040690821476,8.186646278663266,7.133450156830059,4.300313734553754,6.582761668010543,0.9849526555975899,3.5,5,0,0.002397260273972603,4.287148804784646e-4,1.433170360456426e-4,0.9999981671250229,9.164374885617146e-7,9.164374885617146e-7,0,0,10911819
148,0.41857711830454014,13.448275862068964,0.04999903595854828,9.909284699251634,7.919216677754579,7.571927421037771,6.060940323325762,2.2077452608725867,0.9874814543174579,3.5,5,0,0.002397260273972603,4.287148804784646e-4,1.433170360456426e-4,0.9999981671250229,9.164374885617146e-7,9.164374885617146e-7,0,0,10911819
149,0.9326268448246771,13.448275862068964,1.484038751492644,5.318416825498157,8.539354759414527,4.157344108100376,8.890799216571356,9.957489839293588,0.9813510421663523,3.5,5,0,0.002397260273972603,4.287148804784646e-4,1.433170360456426e-4,0.9999981671250229,9.164374885617146e-7,9.164374885617146e-7,0,0,10911819
150,0.43558869469940686,13.448275862068964,2.90699927207232,4.174356416916031,4.740024933651822,4.50938214835669,7.514556136696481,9.766944807511777,0.9914819139172323,3.5,5,0,0.002397260273972603,4.287148804784646e-4,1.433170360456426e-4,0.9999981671250229,9.164374885617146e-7,9.164374885617146e-7,0,0,10911819
151,0.39830570035673996,14.103448275862068,6.161681074101605,5.833743378005315,3.1751070085287254,1.606853679661832,2.892857900134403,1.5250120367016597,0.9526131941471249,3.5,5,0,0.002397260273972603,4.287148804784646e-4,1.433170360456426e-4,0.9999981671250229,9.164374885617146e-7,9.164374885617146e-7,0,0,10911819
152,0.23509312999725812,14.103448275862068,9.958527740095233,1.9494822093885558,1.1154081611465438,5.3897718135221115,0.1603958649155865,7.165108644687006,0.9977065766113811,3.5,5,0,0.002397260273972603,4.287148804784646e-4,1.433170360456426e-4,0.9999981671250229,9.164374885617146e-7,9.164374885617146e-7,0,0,10911819
153,0.4726307703299299,14.103448275862068,7.907688250043113,2.206329380475766,3.6005036911807404,8.404641011889373,3.2743461832610534,6.9465084702967355,0.9899943666066975,3.5,5,0,0.002397260273972603,4.287148804784646e-4,1.433170360456426e-4,0.9999981671250229,9.164374885617146e-7,9.164374885617146e-7,0,0,10911819
154,0.058272516924628946,14.758620689655173,0.23569671767617956,9.143566195938698,5.936759480215876,2.7383934387748217,8.591394571262642,3.019166847923362,0.9561800203402526,3.5,5,0,0.002397260273972603,4.287148804784646e-4,1.433170360456426e-4,0.9999981671250229,9.164374885617146e-7,9.164374885617146e-7,0,0,10911819
155,0.09740686876840893,14.758620689655173,1.4749354342141858,2.9154309451214035,2.3163013680139843,0.47996935064178475,6.777889845283675,9.321844836299137,0.9856640935875476,3.5,5,0,0.002397260273972603,4.287148804784646e-4,1.433170360456426e-4,0.9999981671250229,9.164374885617146e-7,9.164374885617146e-7,0,0,10911819
156,0.9628183903631145,14.758620689655173,9.105561440900004,6.5542620749864575,3.533418372454442,4.2176050861560554,3.0647226662791054,1.8514938125153437,0.9690142922685482,3.5,5,0,0.002397260273972603,4.287148804784646e-4,1.433170360456426e-4,0.9999981671250229,9.164374885617146e-7,9.164374885617146e-7,0,0,10911819
157,0.599989756285285,15.413793103448276,5.513413653691992,8.034003919652754,6.474557554236187,5.639837941125193,2.016124975268973,5.496362252611271,0.9931301593896933,3.5,5,0,0.002397260273972603,4.287148804784646e-4,1.433170360456426e-4,0.9999981671250229,9.164374885617146e-7,9.164374885617146e-7,0,0,10911819
158,0.4188069361173669,15.413793103448276,0.4160161814923142,5.29126308905482,6.6333210378526655,3.9646864106394695,9.268032179752918,6.571920400362543,0.9855289224535226,3.5,5,0,0.002397260273972603,4.287148804784646e-4,1.433170360456426e-4,0.9999981671250229,9.164374885617146e-7,9.164374885617146e-7,0,0,10911819
159,0.9150512769465614,15.413793103448276,5.420634286004776,9.391896799267544,9.48398831072767,1.1866302890203226,7.363724329306807,4.4971145112913735,0.9525942509644665,3.5,5,0,0.002397260273972603,4.287148804784646e-4,1.433170360456426e-4,0.9999981671250229,9.164374885617146e-7,9.164374885617146e-7,0,0,10911819
160,0.5663684205208753,16.06896551724138,4.781940547339883,5.9545514247700355,2.875569884912092,5.135511626044587,0.3590921019531643,7.367056131160548,0.9616056761937215,3.5,5,0,0.002397260273972603,4.287148804784646e-4,1.433170360456426e-4,0.9999981671250229,9.164374885617146e-7,9.164374885617146e-7,0,0,10911819
161,0.9636745072342847,16.06896551724138,1.5591050995572788,7.384529612288656,3.592637747701244,3.056892157295263,6.484315609910985,2.7672778682565387,0.9572138378513045,3.5,5,0,0.002397260273972603,4.287148804784646e-4,1.433170360456426e-4,0.9999981671250229,9.164374885617146e-7,9.164374885617146e-7,0,0,10911819
162,0.6406312832689772,16.06896551724138,8.239288195212422,2.8147654195982112,5.915893726459265,1.9088994812860856,6.00412441923195,6.279118697065419,0.9737406939617358,3.5,5,0,0.002397260273972603,4.287148804784646e-4,1.433170360456426e-4,0.9999981671250229,9.164374885617146e-7,9.164374885617146e-7,0,0,10911819
163,0.5136720535549397,16.724137931034484,7.203163656220127,1.9790316497546108,4.6589987567379,5.291025164076706,1.977451358327097,0.7872628522936349,0.9916339811868966,3.5,5,0,0.002397260273972603,4.287148804784646e-4,1.433170360456426e-4,0.9999981671250229,9.164374885617146e-7,9.164374885617146e-7,0,0,10911819
164,0.3380180074441969,16.724137931034484,6.639819010496882,9.363805064995132,0.8998637096743283,1.7970033766522913,7.121507588596153,4.555948514570064,0.9710003994521684,3.5,5,0,0.002397260273972603,4.287148804784646e-4,1.433170360456426e-4,0.9999981671250229,9.164374885617146e-7,9.164374885617146e-7,0,0,10911819
165,0.6812503628177086,16.724137931034484,8.589792587004062,3.5994126374714615,0.5215377626174522,2.0643675148972145,2.397223169278672,1.8501724799862886,0.9536792799830436,3.5,5,0,0.002397260273972603,4.287148804784646e-4,1.433170360456426e-4,0.9999981671250229,9.164374885617146e-7,9.164374885617146e-7,0,0,10911819
166,0.9293114959811904,17.379310344827587,9.012061164347529,8.673214789146988,5.873738995700194,0.9148272997471625,0.6126838163546802,9.875133696490346,0.9685597337083891,3.5,5,0,0.002397260273972603,4.287148804784646e-4,1.433170360456426e-4,0.9999981671250229,9.164374885617146e-7,9.164374885617146e-7,0,0,10911819
167,0.9809032261418644,17.379310344827587,3.5488238238661456,8.054883931957981,5.435407674396521,7.097257883578241,9.444335911012873,0.15500573074174878,0.9709149514208547,3.5,5,0,0.002397260273972603,4.287148804784646e-4,1.433170360456426e-4,0.9999981671250229,9.164374885617146e-7,9.164374885617146e-7,0,0,10911819
168,0.8528514258377214,17.379310344827587,1.0779993175137719,4.656329840024721,3.222892455037391,8.074166907655806,8.747185522350035,8.229385523768252,0.9597423657192848,3.5,5,0,0.002397260273972603,4.287148804784646e-4,1.433170360456426e-4,0.9999981671250229,9.164374885617146e-7,9.164374885617146e-7,0,0,10911819
169,0.7150162333249952,18.03448275862069,2.915189213362267,8.044827948519899,8.700988642069959,3.3366195887471317,1.4338882508871884,1.970934088679137,0.9794415517011658,3.5,5,0,0.002397260273972603,4.287148804784646e-4,1.433170360456426e-4,0.9999981671250229,9.164374885617146e-7,9.164374885617146e-7,0,0,10911819
170,0.4770119552179625,18.03448275862069,9.26739391645292,9.401203512739665,0.9075380824285518,8.728931518398673,9.28126850172614,4.133381185242835,0.9632758154184557,3.5,5,0,0.002397260273972603,4.287148804784646e-4,1.433170360456426e-4,0.9999981671250229,9.164374885617146e-7,9.164374885617146e-7,0,0,10911819
171,0.419597156096276,18.03448275862069,6.036423712899523,9.303877295530164,9.42196765687509,0.343765822273521,0.1949865241095473,6.977346940268348,0.9554968123557046,3.5,5,0,0.002397260273972603,4.287148804784646e-4,1.433170360456426e-4,0.9999981671250229,9.164374885617146e-7,9.164374885617146e-7,0,0,10911819
172,0.6146264913379369,18.689655172413794,5.412256599397031,5.115108003862678,4.252755558692948,2.5770299819270477,5.907160807810226,9.91972835269628,0.952795165637508,3.5,5,0,0.002397260273972603,4.287148804784646e-4,1.433170360456426e-4,0.9999981671250229,9.164374885617146e-7,9.164374885617146e-7,0,0,10911819
173,0.6074961295486225,18.689655172413794,1.85056142590478,9.245265859720334,8.759800670792503,3.299197424873238,9.131649434653333,0.41777755695291174,0.9994129288010299,3.5,5,0,0.002397260273972603,4.287148804784646e-4,1.433170360456426e-4,0.9999981671250229,9.164374885617146e-7,9.164374885617146e-7,0,0,10911819
174,0.6970323752640655,18.689655172413794,3.8385707146130303,3.4249207709971756,9.83324703529282,2.076439250587286,9.960418194536352,0.9940706225736107,0.9783647698466665,3.5,5,0,0.002397260273972603,4.287148804784646e-4,1.433170360456426e-4,0.9999981671250229,9.164374885617146e-7,9.164374885617146e-7,0,0,10911819
175,0.47585309215633625,19.344827586206897,9.69773516993267,1.0254386402327904,0.8637081584716233,5.251707085883099,0.39244434193857336,6.90721880442657,0.9971001671510749,3.5,5,0,0.002397260273972603,4.287148804784646e-4,1.433170360456426e-4,0.9999981671250229,9.164374885617146e-7,9.164374885617146e-7,0,0,10911819
176,0.21692629895004434,19.344827586206897,0.5689051896451564,7.085472857871042,4.561741080213272,9.892156014695372,6.399235916684036,4.4468689366208975,0.9989922538632527,3.5,5,0,0.002397260273972603,4.287148804784646e-4,1.433170360456426e-4,0.9999981671250229,9.164374885617146e-7,9.164374885617146e-7,0,0,10911819
177,0.36802501304613405,19.344827586206897,7.50497672498962,6.98532619543718,5.37398313684083,6.386912379309491,0.9221024587515106,3.391993421325022,0.9740968108410015,3.5,5,0,0.002397260273972603,4.287148804784646e-4,1.433170360456426e-4,0.9999981671250229,9.164374885617146e-7,9.164374885617146e-7,0,0,10911819
178,0.17962308466316212,20,3.535664717847577,2.1410849465465587,3.116024598236346,8.467504806038505,4.295292732410634,5.195884984467027,0.9998424755875022,3.5,5,0,0.002397260273972603,4.287148804784646e-4,1.433170360456426e-4,0.9999981671250229,9.164374885617146e-7,9.164374885617146e-7,0,0,10911819
179,0.04408995272964805,20,8.716937690170266,2.3104269321315565,7.005367912651549,6.926178271258296,8.72035028192904,4.0877925331097265,0.9646696265321225,3.5,5,0,0.002397260273972603,4.287148804784646e-4,1.433170360456426e-4,0.9999981671250229,9.164374885617146e-7,9.164374885617146e-7,0,0,10911819
180,0.5934297676342676,20,8.563780270194833,2.901416710356441,9.313804016051515,0.2135699298705998,6.188162046400172,1.1086936443622195,0.977816657780204,3.5,5,0,0.002397260273972603,4.287148804784646e-4,1.433170360456426e-4,0.9999981671250229,9.164374885617146e-7,9.164374885617146e-7,0,0,10911819
181,0.2594531697235639,3.8287311787717044,1e-9,0.7173069296374186,8.979334635762118,9.378574281061743,0.42252669439499585,0.9304896495061286,0.9856273090932518,3.5,5,0,0.002397260273972603,4.287148804784646e-4,1.433170360456426e-4,0.9999981671250229,9.164374885617146e-7,9.164374885617146e-7,0,0,10911819
182,0.11830243488508799,9.448733700439334,1e-9,4.928515665740283,5.630582974263619,1.7698432676342375,8.590713781445587,4.394676038624595,0.9695255022495984,3.5,5,0,0.002397260273972603,4.287148804784646e-4,1.433170360456426e-4,0.9999981671250229,9.164374885617146e-7,9.164374885617146e-7,0,0,10911819
183,0.37375791042505135,14.406357035972178,1e-9,8.11264188513407,4.556898978151799,6.814367843644744,9.368421407479621,3.8767495454824337,0.9533566591329872,3.5,5,0,0.002397260273972603,4.287148804784646e-4,1.433170360456426e-4,0.9999981671250229,9.164374885617146e-7,9.164374885617146e-7,0,0,10911819
184,0.5963397224752878,1.059256310807541,0.3448275871724138,2.001962599678694,5.2899515749940065,3.7218060699981788,5.0305784847900155,7.547424056346848,0.9877563467947766,3.5,5,0,0.002397260273972603,4.287148804784646e-4,1.433170360456426e-4,0.9999981671250229,9.164374885617146e-7,9.164374885617146e-7,0,0,10911819
185,0.5716025064232602,4.243059830972925,0.3448275871724138,7.7954329948282925,3.938184653549346,8.9901444968846,6.45167750807572,2.2074966000734957,0.9814591835718601,3.5,5,0,0.002397260273972603,4.287148804784646e-4,1.433170360456426e-4,0.9999981671250229,9.164374885617146e-7,9.164374885617146e-7,0,0,10911819
186,0.8329478244238618,8.904499501921237,0.3448275871724138,8.974425643785038,1.564926843536747,5.925679847539847,7.442883427976229,9.464634615050148,0.9547018668730742,3.5,5,0,0.002397260273972603,4.287148804784646e-4,1.433170360456426e-4,0.9999981671250229,9.164374885617146e-7,9.164374885617146e-7,0,0,10911819
187,0.2928509552431806,15.782302390784025,0.6896551733448275,9.046001799965682,5.6104745208018665,5.82126263338019,1.39262963405271,4.733687951756144,0.9758838266949169,3.5,5,0,0.002397260273972603,4.287148804784646e-4,1.433170360456426e-4,0.9999981671250229,9.164374885617146e-7,9.164374885617146e-7,0,0,10911819
188,0.30198921705115006,13.45193670783192,0.6896551733448275,4.077066386245163,6.061573380532567,5.5619209846263145,5.356576927470587,4.726351502413166,0.9556924620876088,3.5,5,0,0.002397260273972603,4.287148804784646e-4,1.433170360456426e-4,0.9999981671250229,9.164374885617146e-7,9.164374885617146e-7,0,0,10911819
189,0.16539169308872756,13.125886819791049,0.6896551733448275,9.122754731303262,2.265870557940049,2.776590379211686,2.019880356599445,3.933901782754196,0.984503549337387,3.5,5,0,0.002397260273972603,4.287148804784646e-4,1.433170360456426e-4,0.9999981671250229,9.164374885617146e-7,9.164374885617146e-7,0,0,10911819
190,0.19254761950108595,12.337943290825933,1.0344827595172414,6.15994430185512,0.5486893197659652,6.640200612936873,6.13517030180896,9.931639477151762,0.9947575496858917,3.5,5,0,0.002397260273972603,4.287148804784646e-4,1.433170360456426e-4,0.9999981671250229,9.164374885617146e-7,9.164374885617146e-7,0,0,10911819
191,0.9007960255864957,1.8388123088516295,1.0344827595172414,4.951635536776915,2.893108877598398,4.8496062942343015,8.016547393252115,3.5557148635312448,0.9549286055378615,3.5,5,0,0.002397260273972603,4.287148804784646e-4,1.433170360456426e-4,0.9999981671250229,9.164374885617146e-7,9.164374885617146e-7,0,0,10911819
192,0.13776212069970445,8.019299872685224,1.0344827595172414,6.807090605462749,3.2266413380645997,5.340321485884794,8.923329576026282,7.736105735174458,0.9502514320076443,3.5,5,0,0.002397260273972603,4.287148804784646e-4,1.433170360456426e-4,0.9999981671250229,9.164374885617146e-7,9.164374885617146e-7,0,0,10911819
193,0.9822691345497814,9.492085120640695,1.3793103456896552,8.505775476955288,0.8011505505887037,6.201954516961996,9.60318929519747,6.481084428148196,0.9799817214719951,3.5,5,0,0.002397260273972603,4.287148804784646e-4,1.433170360456426e-4,0.9999981671250229,9.164374885617146e-7,9.164374885617146e-7,0,0,10911819
194,0.3728327692804457,10.717534518800676,1.3793103456896552,0.15840228279748328,5.494604090213556,4.914579722607548,7.594601956902331,2.8148707684795347,0.9984967153985054,3.5,5,0,0.002397260273972603,4.287148804784646e-4,1.433170360456426e-4,0.9999981671250229,9.164374885617146e-7,9.164374885617146e-7,0,0,10911819
195,0.5235646037530957,1.3350483034737408,1.3793103456896552,5.317168466749429,1.3106138454126341,4.139660206278087,3.713722890871562,1.070342958866446,0.9745350973098539,3.5,5,0,0.002397260273972603,4.287148804784646e-4,1.433170360456426e-4,0.9999981671250229,9.164374885617146e-7,9.164374885617146e-7,0,0,10911819
196,0.7061817503113761,19.63644789182581,1.7241379318620689,1.6066164042812145,1.7041596103373535,6.986925960819727,9.927716210957394,6.3740519344707325,0.9880738763255067,3.5,5,0,0.002397260273972603,4.287148804784646e-4,1.433170360456426e-4,0.9999981671250229,9.164374885617146e-7,9.164374885617146e-7,0,0,10911819
197,0.3529875848416639,16.486999123822898,1.7241379318620689,2.216871018368478,2.7381756280360117,3.716277487738719,2.1408362182265814,5.320683303757047,0.9525546780321746,3.5,5,0,0.002397260273972603,4.287148804784646e-4,1.433170360456426e-4,0.9999981671250229,9.164374885617146e-7,9.164374885617146e-7,0,0,10911819
198,0.09728540241981323,6.929899659007788,1.7241379318620689,6.867152683284494,7.103603829453697,8.827211975702948,1.3932904167325595,8.990794078082184,0.9583270266186446,3.5,5,0,0.002397260273972603,4.287148804784646e-4,1.433170360456426e-4,0.9999981671250229,9.164374885617146e-7,9.164374885617146e-7,0,0,10911819
199,0.7064026639819866,9.005989281227812,2.068965518034483,2.702383355501644,8.987216290653448,6.818988868353477,4.30349626402525,0.16325212880616333,0.9949552189325914,3.5,5,0,0.002397260273972603,4.287148804784646e-4,1.433170360456426e-4,0.9999981671250229,9.164374885617146e-7,9.164374885617146e-7,0,0,10911819
200,0.8747398251155121,7.708070677006617,2.068965518034483,4.460755859589923,9.104308248587115,0.39037159041671643,5.433170756316147,9.965855253398107,0.9533021403010934,3.5,5,0,0.002397260273972603,4.287148804784646e-4,1.433170360456426e-4,0.9999981671250229,9.164374885617146e-7,9.164374885617146e-7,0,0,10911819
201,0.7727614703494637,13.574364381143823,2.068965518034483,6.829241016265431,9.360555701487382,4.321890706764238,6.677106190805131,1.7357896788859395,0.9507924176636151,3.5,5,0,0.002397260273972603,4.287148804784646e-4,1.433170360456426e-4,0.9999981671250229,9.164374885617146e-7,9.164374885617146e-7,0,0,10911819
202,0.5956270097214003,6.639413272961974,2.4137931042068965,5.139701939673974,7.242595288246939,4.189494334276671,4.0559398691526045,6.519610586458541,0.9902485350845381,3.5,5,0,0.002397260273972603,4.287148804784646e-4,1.433170360456426e-4,0.9999981671250229,9.164374885617146e-7,9.164374885617146e-7,0,0,10911819
203,0.7041047591968914,16.947935015894473,2.4137931042068965,3.5361527145784817,2.064050904803086,7.242961151335421,5.334659263492504,7.799569957643998,0.982719909120351,3.5,5,0,0.002397260273972603,4.287148804784646e-4,1.433170360456426e-4,0.9999981671250229,9.164374885617146e-7,9.164374885617146e-7,0,0,10911819
204,0.3824376679314534,3.947772840503603,2.4137931042068965,8.791562861418123,3.434703155145928,2.4258126814973284,8.429387500666682,2.2857844697575156,0.984266567940358,3.5,5,0,0.002397260273972603,4.287148804784646e-4,1.433170360456426e-4,0.9999981671250229,9.164374885617146e-7,9.164374885617146e-7,0,0,10911819
205,0.47244752120650524,11.646515374071896,2.7586206903793102,1.7785529497850419,5.1064339634268014,7.562271978484233,2.232937115089951,7.517938514022631,0.9514310257975012,3.5,5,0,0.002397260273972603,4.287148804784646e-4,1.433170360456426e-4,0.9999981671250229,9.164374885617146e-7,9.164374885617146e-7,0,0,10911819
206,0.6334517464840617,14.799277081619948,2.7586206903793102,0.09543712349933976,7.998643655064417,0.9493453763162779,3.126778160909197,5.76085294872073,0.9546750891138799,3.5,5,0,0.002397260273972603,4.287148804784646e-4,1.433170360456426e-4,0.9999981671250229,9.164374885617146e-7,9.164374885617146e-7,0,0,10911819
207,0.35683209603276367,3.621383958030492,2.7586206903793102,8.565212916726301,6.906845369685557,0.7014537123017235,6.698733168052948,1.8125502191289522,0.9688008207594976,3.5,5,0,0.002397260273972603,4.287148804784646e-4,1.433170360456426e-4,0.9999981671250229,9.164374885617146e-7,9.164374885617146e-7,0,0,10911819
208,0.053060980902687085,8.261585864471272,3.103448276551724,7.610791649442668,8.097003633346718,1.9134666033725114,4.747903431359623,5.508038963174746,0.9791622503777034,3.5,5,0,0.002397260273972603,4.287148804784646e-4,1.433170360456426e-4,0.9999981671250229,9.164374885617146e-7,9.164374885617146e-7,0,0,10911819
209,0.2853343269542458,7.07759268512018,3.103448276551724,4.0531168395081,5.11264816208256,3.20036567349928,3.472855592333569,5.7441604467639396,0.9508355378289707,3.5,5,0,0.002397260273972603,4.287148804784646e-4,1.433170360456426e-4,0.9999981671250229,9.164374885617146e-7,9.164374885617146e-7,0,0,10911819
210,0.6199212449892094,17.19771714648232,3.103448276551724,7.827389224184008,1.0309205772011054,9.100681529470313,4.566679047963953,3.017299280734511,0.965361979312729,3.5,5,0,0.002397260273972603,4.287148804784646e-4,1.433170360456426e-4,0.9999981671250229,9.164374885617146e-7,9.164374885617146e-7,0,0,10911819
211,0.8753118541453302,3.1817310282494873,3.4482758627241377,9.607090908141982,0.1448614392971503,4.270553079541022,7.885974510784253,3.0814329751235205,0.9628684164606965,3.5,5,0,0.002397260273972603,4.287148804784646e-4,1.433170360456426e-4,0.9999981671250229,9.164374885617146e-7,9.164374885617146e-7,0,0,10911819
212,0.3155935666046647,13.206409105565399,3.4482758627241377,7.788713998382385,6.920253211009023,9.684137946491981,7.0878275230645125,5.870204475189963,0.9604009689996018,3.5,5,0,0.002397260273972603,4.287148804784646e-4,1.433170360456426e-4,0.9999981671250229,9.164374885617146e-7,9.164374885617146e-7,0,0,10911819
213,0.4705454313056312,13.909299219027162,3.4482758627241377,7.498163599771106,2.329583452850212,5.3012164710131735,6.798594470921669,8.31972715228835,0.9741486390703358,3.5,5,0,0.002397260273972603,4.287148804784646e-4,1.433170360456426e-4,0.9999981671250229,9.164374885617146e-7,9.164374885617146e-7,0,0,10911819
214,0.2785041299620671,11.63427004404366,3.7931034488965514,0.014051586456813892,4.451468948364043,0.8557603028433912,5.762255667201266,5.591943921030789,0.9511705387616529,3.5,5,0,0.002397260273972603,4.287148804784646e-4,1.433170360456426e-4,0.9999981671250229,9.164374885617146e-7,9.164374885617146e-7,0,0,10911819
215,0.6538897358964484,8.619430223014206,3.7931034488965514,2.311744020157978,0.7917003924853482,3.3739847603360777,1.7814203336671586,4.713370041519076,0.9857077854801901,3.5,5,0,0.002397260273972603,4.287148804784646e-4,1.433170360456426e-4,0.9999981671250229,9.164374885617146e-7,9.164374885617146e-7,0,0,10911819
216,0.7020664026020446,4.124193147523329,3.7931034488965514,9.146922326266392,7.595901189146692,4.8242976475094785,0.35670831663109415,2.5154676901210524,0.9627188335056416,3.5,5,0,0.002397260273972603,4.287148804784646e-4,1.433170360456426e-4,0.9999981671250229,9.164374885617146e-7,9.164374885617146e-7,0,0,10911819
217,0.09558593827399624,14.788755004992709,4.1379310350689655,9.17915869279591,0.989440692092759,3.6243812117581973,1.0694035105024609,6.302467994761671,0.9981575421988964,3.5,5,0,0.002397260273972603,4.287148804784646e-4,1.433170360456426e-4,0.9999981671250229,9.164374885617146e-7,9.164374885617146e-7,0,0,10911819
218,0.34348167437064636,17.583846566965804,4.1379310350689655,4.9950896627617984,8.779197216621677,9.185081091790927,5.207976589924227,9.579727195710992,0.9725958963506854,3.5,5,0,0.002397260273972603,4.287148804784646e-4,1.433170360456426e-4,0.9999981671250229,9.164374885617146e-7,9.164374885617146e-7,0,0,10911819
219,0.4966600117316209,13.676516113104299,4.1379310350689655,5.94380100763918,7.623921456053043,6.305257729624137,8.018756059662191,0.17859935858712053,0.9902141055557877,3.5,5,0,0.002397260273972603,4.287148804784646e-4,1.433170360456426e-4,0.9999981671250229,9.164374885617146e-7,9.164374885617146e-7,0,0,10911819
220,0.20987475172980252,11.577723529888317,4.482758621241379,8.954288887430245,6.152873929043377,0.37380498697385645,4.211685748884003,0.696409117429485,0.9987673355615698,3.5,5,0,0.002397260273972603,4.287148804784646e-4,1.433170360456426e-4,0.9999981671250229,9.164374885617146e-7,9.164374885617146e-7,0,0,10911819
221,0.4971842401651136,15.479447215795517,4.482758621241379,1.5144109967268382,9.254781401325033,0.5750553389191587,0.594481954825958,6.237802491899545,0.9563779193675145,3.5,5,0,0.002397260273972603,4.287148804784646e-4,1.433170360456426e-4,0.9999981671250229,9.164374885617146e-7,9.164374885617146e-7,0,0,10911819
222,0.3826281988331855,7.529110079398379,4.482758621241379,6.534473458651554,7.911195128899332,6.74497915697238,0.45946290113442334,2.0402081784370134,0.9902924610883929,3.5,5,0,0.002397260273972603,4.287148804784646e-4,1.433170360456426e-4,0.9999981671250229,9.164374885617146e-7,9.164374885617146e-7,0,0,10911819
223,0.7692141167149363,10.283225234830752,4.827586207413793,3.7357818830503295,3.3817551245080573,2.4281277678096886,6.8712777810506,7.570984119326634,0.9830439948011189,3.5,5,0,0.002397260273972603,4.287148804784646e-4,1.433170360456426e-4,0.9999981671250229,9.164374885617146e-7,9.164374885617146e-7,0,0,10911819
224,0.36202939888477065,12.425833001034334,4.827586207413793,4.253558575284686,6.739496365515603,6.978346766274839,6.446316677966689,0.8145940150006445,0.9516224675578996,3.5,5,0,0.002397260273972603,4.287148804784646e-4,1.433170360456426e-4,0.9999981671250229,9.164374885617146e-7,9.164374885617146e-7,0,0,10911819
225,0.8294726070771217,18.241418787278235,4.827586207413793,5.251991018196394,2.7466817137587993,0.6106922715047087,8.797852236432098,7.305316466641928,0.9843820541747845,3.5,5,0,0.002397260273972603,4.287148804784646e-4,1.433170360456426e-4,0.9999981671250229,9.164374885617146e-7,9.164374885617146e-7,0,0,10911819
226,0.3204515348622539,4.0663360436446965,5.172413793586206,9.592428919899987,2.1687517811924906,2.4208653073886444,2.383004718756181,1.5203660176233331,0.9597383026382885,3.5,5,0,0.002397260273972603,4.287148804784646e-4,1.433170360456426e-4,0.9999981671250229,9.164374885617146e-7,9.164374885617146e-7,0,0,10911819
227,0.8547680043237439,7.618996910518035,5.172413793586206,8.840312294312307,0.035116093764054834,7.587451632375871,2.8727820243363076,8.763820657164542,0.9929082723450847,3.5,5,0,0.002397260273972603,4.287148804784646e-4,1.433170360456426e-4,0.9999981671250229,9.164374885617146e-7,9.164374885617146e-7,0,0,10911819
228,0.29070178639705446,14.181009896565229,5.172413793586206,0.5712342341546025,0.9922758452288778,8.94622453033286,9.25455877797682,1.4273080145199653,0.9759587376262061,3.5,5,0,0.002397260273972603,4.287148804784646e-4,1.433170360456426e-4,0.9999981671250229,9.164374885617146e-7,9.164374885617146e-7,0,0,10911819
229,0.7277775843841638,2.4170427119825035,5.51724137975862,0.3572675409124983,9.48771739616525,6.579274488955082,3.6066823901482645,0.7450418346503224,0.9660904559888877,3.5,5,0,0.002397260273972603,4.287148804784646e-4,1.433170360456426e-4,0.9999981671250229,9.164374885617146e-7,9.164374885617146e-7,0,0,10911819
230,0.1726654785530985,2.434005996910855,5.51724137975862,2.4299690460905676,2.6654105151887477,9.367484008025299,1.3557360283361477,2.386247958818004,0.9936838900786824,3.5,5,0,0.002397260273972603,4.287148804784646e-4,1.433170360456426e-4,0.9999981671250229,9.164374885617146e-7,9.164374885617146e-7,0,0,10911819
231,0.8081256368292824,15.588236474664882,5.51724137975862,2.9078390526226863,6.199564745564078,1.9151787793898034,2.8731519642893595,6.46533191705079,0.9905444533098489,3.5,5,0,0.002397260273972603,4.287148804784646e-4,1.433170360456426e-4,0.9999981671250229,9.164374885617146e-7,9.164374885617146e-7,0,0,10911819
232,0.6533917861261195,7.5260452521033585,5.8620689659310345,9.401101213939773,3.5350552533698902,9.398198009063133,4.439318075866507,9.028923043612641,0.953847790742293,3.5,5,0,0.002397260273972603,4.287148804784646e-4,1.433170360456426e-4,0.9999981671250229,9.164374885617146e-7,9.164374885617146e-7,0,0,10911819
233,0.9341149008436462,12.86538296728395,5.8620689659310345,6.5549911934602125,8.233453321912961,2.765320582107471,8.730866517998532,6.783161235829262,0.9639333955361508,3.5,5,0,0.002397260273972603,4.287148804784646e-4,1.433170360456426e-4,0.9999981671250229,9.164374885617146e-7,9.164374885617146e-7,0,0,10911819
234,0.859214308915357,14.03942563594319,5.8620689659310345,6.001764850625123,3.6118178192395027,7.074880162546488,4.739150454350635,7.18831854434861,0.9614835649030282,3.5,5,0,0.002397260273972603,4.287148804784646e-4,1.433170360456426e-4,0.9999981671250229,9.164374885617146e-7,9.164374885617146e-7,0,0,10911819
235,0.1237930514926096,17.729230161989108,6.206896552103448,5.491984757114243,7.188520969638489,9.594224176875846,3.674116680099849,3.9862398972229314,0.9543926445301621,3.5,5,0,0.002397260273972603,4.287148804784646e-4,1.433170360456426e-4,0.9999981671250229,9.164374885617146e-7,9.164374885617146e-7,0,0,10911819
236,0.4534528442830829,18.614898619242013,6.206896552103448,6.7979618956742955,1.446779154630746,7.470183761577715,6.926140347803061,7.674434369196841,0.9505739800515585,3.5,5,0,0.002397260273972603,4.287148804784646e-4,1.433170360456426e-4,0.9999981671250229,9.164374885617146e-7,9.164374885617146e-7,0,0,10911819
237,0.8501577492420738,8.70314614335075,6.206896552103448,6.897689148628253,7.624343864391636,0.7430259333867207,5.747612799011726,9.25949857577636,0.9666761034517549,3.5,5,0,0.002397260273972603,4.287148804784646e-4,1.433170360456426e-4,0.9999981671250229,9.164374885617146e-7,9.164374885617146e-7,0,0,10911819
238,0.8474903527065738,11.03419753909111,6.551724138275862,4.667087249059805,7.494799513620319,9.073229492734663,6.817504919917991,4.607854572198333,0.9670644600875675,3.5,5,0,0.002397260273972603,4.287148804784646e-4,1.433170360456426e-4,0.9999981671250229,9.164374885617146e-7,9.164374885617146e-7,0,0,10911819
239,0.3136530081924002,19.85991820623167,6.551724138275862,3.60999379836593,9.34216320754088,2.047561033027141,0.2508324371155434,7.4243971475181665,0.9926762207061983,3.5,5,0,0.002397260273972603,4.287148804784646e-4,1.433170360456426e-4,0.9999981671250229,9.164374885617146e-7,9.164374885617146e-7,0,0,10911819
240,0.44200744292829136,16.726801763521507,6.551724138275862,3.5689254786731035,8.432321527663923,2.237526430593328,5.63902746696794,2.5554845559404686,0.97410413562320175,3.5,5,0,0.002397260273972603,4.287148804784646e-4,1.433170360456426e-4,0.9999981671250229,9.164374885617146e-7,9.164374885617146e-7,0,0,10911819
241,0.33959777521995355,6.6601013825275,6.896551724448275,9.526389981667375,4.23403155116282,1.337451456049582,7.160852602966923,5.658577951105458,0.9537840456003323,3.5,5,0,0.002397260273972603,4.287148804784646e-4,1.433170360456426e-4,0.9999981671250229,9.164374885617146e-7,9.164374885617146e-7,0,0,10911819
242,0.39452373911743227,8.139719219645485,6.896551724448275,7.301798879904409,6.397944416745349,6.304061932393209,5.740835396998864,7.130445309735943,0.9740646668593399,3.5,5,0,0.002397260273972603,4.287148804784646e-4,1.433170360456426e-4,0.9999981671250229,9.164374885617146e-7,9.164374885617146e-7,0,0,10911819
243,0.15979775928110157,6.801417623879388,6.896551724448275,5.253883740407983,6.970353075606102,4.866372452165204,6.090215780231925,1.5860534933427728,0.9653349288506433,3.5,5,0,0.002397260273972603,4.287148804784646e-4,1.433170360456426e-4,0.9999981671250229,9.164374885617146e-7,9.164374885617146e-7,0,0,10911819
244,0.18856439084068274,5.460670463973656,7.241379310620689,2.4864635670620574,0.2477863417446017,1.319440131478075,2.3816518493164462,3.0723290129041794,0.9571280975360423,3.5,5,0,0.002397260273972603,4.287148804784646e-4,1.433170360456426e-4,0.9999981671250229,9.164374885617146e-7,9.164374885617146e-7,0,0,10911819
245,0.6574767883194751,17.19481588411145,7.241379310620689,8.302533310076468,9.764305315935339,0.19409281299719705,7.377539729030416,0.9577566394311408,0.9655200280365533,3.5,5,0,0.002397260273972603,4.287148804784646e-4,1.433170360456426e-4,0.9999981671250229,9.164374885617146e-7,9.164374885617146e-7,0,0,10911819
246,0.192870771434609,19.072829290060326,7.241379310620689,7.3932065258546755,8.817081728602773,4.10283098987602,5.404121734195835,7.174414992615017,0.970162841049023,3.5,5,0,0.002397260273972603,4.287148804784646e-4,1.433170360456426e-4,0.9999981671250229,9.164374885617146e-7,9.164374885617146e-7,0,0,10911819
247,0.33253182695888445,16.81694785039872,7.586206896793103,3.956594949726859,6.4560005887230245,2.2957099376500043,6.102312961983039,0.8007450736945145,0.9993418355938047,3.5,5,0,0.002397260273972603,4.287148804784646e-4,1.433170360456426e-4,0.9999981671250229,9.164374885617146e-7,9.164374885617146e-7,0,0,10911819
248,0.16312036964662996,10.78887945599854,7.586206896793103,2.9094260239613656,2.7241644014429647,2.3654285337028615,3.314927556289178,6.081670071390204,0.9987683201790787,3.5,5,0,0.002397260273972603,4.287148804784646e-4,1.433170360456426e-4,0.9999981671250229,9.164374885617146e-7,9.164374885617146e-7,0,0,10911819
249,0.11408025888958095,15.79791740863584,7.586206896793103,2.6931170148631285,6.064646379484381,4.760332203528476,8.82508563820846,3.1475847361011176,0.9588999390602111,3.5,5,0,0.002397260273972603,4.287148804784646e-4,1.433170360456426e-4,0.9999981671250229,9.164374885617146e-7,9.164374885617146e-7,0,0,10911819
250,0.2423149607010011,8.660561417695135,7.931034482965517,2.0530715033908327,9.365303819131245,5.434427017336921,6.521725259137784,1.397370755135734,0.9539671031292527,3.5,5,0,0.002397260273972603,4.287148804784646e-4,1.433170360456426e-4,0.9999981671250229,9.164374885617146e-7,9.164374885617146e-7,0,0,10911819
251,0.7581218919690199,1.5026686857454479,7.931034482965517,4.426456606572917,2.68898486232852,1.1055492152972468,3.835107829106925,6.4902878556184955,0.9779177777818404,3.5,5,0,0.002397260273972603,4.287148804784646e-4,1.433170360456426e-4,0.9999981671250229,9.164374885617146e-7,9.164374885617146e-7,0,0,10911819
252,0.8787228127962015,13.18720278609544,7.931034482965517,1.7956876530134411,7.637995651693659,0.8193548451976518,0.5020329924485054,3.994793915790323,0.9658535994589329,3.5,5,0,0.002397260273972603,4.287148804784646e-4,1.433170360456426e-4,0.9999981671250229,9.164374885617146e-7,9.164374885617146e-7,0,0,10911819
253,0.5158640404216669,8.586659432621673,8.275862069137931,5.707490432971069,1.9234932664476414,8.399969323232586,9.622055464461987,5.008607963599215,0.9581763540045358,3.5,5,0,0.002397260273972603,4.287148804784646e-4,1.433170360456426e-4,0.9999981671250229,9.164374885617146e-7,9.164374885617146e-7,0,0,10911819
254,0.09438884744786266,3.306847976287827,8.275862069137931,1.4530975543127551,5.253502787565488,7.119221391910055,0.7019609827533079,6.509772797929831,0.9682518039364367,3.5,5,0,0.002397260273972603,4.287148804784646e-4,1.433170360456426e-4,0.9999981671250229,9.164374885617146e-7,9.164374885617146e-7,0,0,10911819
255,0.8547016257048858,3.342986782314256,8.275862069137931,3.4697247140120555,8.412558334106999,6.983792402617506,3.380057258262123,7.350178866446504,0.9701119941892102,3.5,5,0,0.002397260273972603,4.287148804784646e-4,1.433170360456426e-4,0.9999981671250229,9.164374885617146e-7,9.164374885617146e-7,0,0,10911819
256,0.2519378478473576,15.523143036291003,8.620689655310345,5.959899600533585,7.338798446846888,8.526004806773988,7.096284819125928,1.1059419470420035,0.9703059739316814,3.5,5,0,0.002397260273972603,4.287148804784646e-4,1.433170360456426e-4,0.9999981671250229,9.164374885617146e-7,9.164374885617146e-7,0,0,10911819
257,0.30932021226372364,10.119469017488882,8.620689655310345,8.82702593004885,9.535996166569946,7.1897201056608475,1.6014188373478044,3.772468548890833,0.9790402874466962,3.5,5,0,0.002397260273972603,4.287148804784646e-4,1.433170360456426e-4,0.9999981671250229,9.164374885617146e-7,9.164374885617146e-7,0,0,10911819
258,0.7666081958506493,16.565798297757283,8.620689655310345,4.258693955481489,4.875880801631323,3.462076765207578,7.126889340866821,4.510655766901945,0.9984940303605981,3.5,5,0,0.002397260273972603,4.287148804784646e-4,1.433170360456426e-4,0.9999981671250229,9.164374885617146e-7,9.164374885617146e-7,0,0,10911819
259,0.7547101591562663,19.700603435281664,8.965517241482758,9.553241920702131,2.1513061046998456,2.2797854718090518,5.178877942280531,5.659331039493974,0.9901581809506752,3.5,5,0,0.002397260273972603,4.287148804784646e-4,1.433170360456426e-4,0.9999981671250229,9.164374885617146e-7,9.164374885617146e-7,0,0,10911819
260,0.5330957181410367,16.013289352646098,8.965517241482758,8.907892089446321,1.59324002070601,4.9685717495533135,2.994598428022302,4.27671211130408,0.9759402293828315,3.5,5,0,0.002397260273972603,4.287148804784646e-4,1.433170360456426e-4,0.9999981671250229,9.164374885617146e-7,9.164374885617146e-7,0,0,10911819
261,0.5383659510004873,12.353974422905594,8.965517241482758,4.631538924832301,1.0096918334861538,6.895908306197542,9.54521157317686,6.5468241207960824,0.9989096723962575,3.5,5,0,0.002397260273972603,4.287148804784646e-4,1.433170360456426e-4,0.9999981671250229,9.164374885617146e-7,9.164374885617146e-7,0,0,10911819
262,0.42892404029321063,10.804782785009593,9.310344827655172,8.321579718198832,4.032970152926357,6.673802154005643,1.2145450207808346,7.6676848346837145,0.9812696013250388,3.5,5,0,0.002397260273972603,4.287148804784646e-4,1.433170360456426e-4,0.9999981671250229,9.164374885617146e-7,9.164374885617146e-7,0,0,10911819
263,0.08510713192968393,8.857964130816981,9.310344827655172,2.760502999441079,3.088527743930103,5.465724596741483,9.91121871397787,9.336491921051632,0.989089755504392,3.5,5,0,0.002397260273972603,4.287148804784646e-4,1.433170360456426e-4,0.9999981671250229,9.164374885617146e-7,9.164374885617146e-7,0,0,10911819
264,0.8357240262105129,2.9326855547260493,9.310344827655172,1.825577368380243,5.8430258538074344,0.5888054366321482,5.161164990178836,1.6647311122110047,0.9984442091896198,3.5,5,0,0.002397260273972603,4.287148804784646e-4,1.433170360456426e-4,0.9999981671250229,9.164374885617146e-7,9.164374885617146e-7,0,0,10911819
265,0.4965941497639559,11.175125969573855,9.655172413827586,1.6568421021996438,5.09711128242914,7.37263522835645,8.9488536772438,5.652591041724011,0.963166569173336,3.5,5,0,0.002397260273972603,4.287148804784646e-4,1.433170360456426e-4,0.9999981671250229,9.164374885617146e-7,9.164374885617146e-7,0,0,10911819
266,0.9288390716669007,12.559198046801612,9.655172413827586,5.819409795057855,3.1594771572709974,0.6111049125978024,9.042895885745779,4.847622039311782,0.9743849618942476,3.5,5,0,0.002397260273972603,4.287148804784646e-4,1.433170360456426e-4,0.9999981671250229,9.164374885617146e-7,9.164374885617146e-7,0,0,10911819
267,0.4216938260565654,16.26861805235967,9.655172413827586,3.954181699686837,2.860722249156399,4.749495555240445,2.608817728044113,8.756856520318875,0.9615773434052244,3.5,5,0,0.002397260273972603,4.287148804784646e-4,1.433170360456426e-4,0.9999981671250229,9.164374885617146e-7,9.164374885617146e-7,0,0,10911819
268,0.4660643425146961,18.946546940831468,10,2.831477218558746,2.3236557080636184,3.1871745649087444,2.4353066722976537,4.5419891114216755,0.9809795944485813,3.5,5,0,0.002397260273972603,4.287148804784646e-4,1.433170360456426e-4,0.9999981671250229,9.164374885617146e-7,9.164374885617146e-7,0,0,10911819
269,0.43123655007877487,3.8664729511365294,10,9.38852109486764,7.997608990608719,0.8460622266706979,5.248852167753643,8.655909539800437,0.977987613773439,3.5,5,0,0.002397260273972603,4.287148804784646e-4,1.433170360456426e-4,0.9999981671250229,9.164374885617146e-7,9.164374885617146e-7,0,0,10911819
270,0.7396426981273715,2.2434356207959354,10,9.29861166055809,8.383698160921735,0.8605500110251278,9.911391115756253,9.069570193625898,0.9531907001161016,3.5,5,0,0.002397260273972603,4.287148804784646e-4,1.433170360456426e-4,0.9999981671250229,9.164374885617146e-7,9.164374885617146e-7,0,0,10911819
271,0.9942034367120267,3.1727096356917173,0.24779933602282272,3.49377085054163,3.822726586985662,6.857327891362311,7.484765977384589,4.04409745767667,0.95,3.5,5,0,0.002397260273972603,4.287148804784646e-4,1.433170360456426e-4,0.9999981671250229,9.164374885617146e-7,9.164374885617146e-7,0,0,10911819
272,0.31630482323572146,13.740688772173598,7.440122431400106,0.6366678127137759,0.08107223181523081,8.001737620415689,8.009716761497506,4.979491376354427,0.95,3.5,5,0,0.002397260273972603,4.287148804784646e-4,1.433170360456426e-4,0.9999981671250229,9.164374885617146e-7,9.164374885617146e-7,0,0,10911819
273,0.5146693589270098,14.254278710111976,1.6589045765768908,1.1062695537274303,5.254966915128281,8.675779982136737,7.057408283293208,9.889061923615552,0.95,3.5,5,0,0.002397260273972603,4.287148804784646e-4,1.433170360456426e-4,0.9999981671250229,9.164374885617146e-7,9.164374885617146e-7,0,0,10911819
274,0.0053835261423263465,2.842692287405953,0.4803238865194539,5.608824398807714,9.008486580668448,5.356537073849316,6.165550968527534,9.956059586261137,0.9555555555555555,3.5,5,0,0.002397260273972603,4.287148804784646e-4,1.433170360456426e-4,0.9999981671250229,9.164374885617146e-7,9.164374885617146e-7,0,0,10911819
275,0.5827787783740822,16.827400809852406,1.1709934528432855,5.194747276153378,2.197291754035102,9.481917084246527,3.9428889524660793,3.4295962524651475,0.9555555555555555,3.5,5,0,0.002397260273972603,4.287148804784646e-4,1.433170360456426e-4,0.9999981671250229,9.164374885617146e-7,9.164374885617146e-7,0,0,10911819
276,0.8769427419838657,2.4171675820834935,5.632859729667118,2.001302895004725,6.143410341268496,0.8634907016353917,0.9098831619844249,4.434648512953497,0.9555555555555555,3.5,5,0,0.002397260273972603,4.287148804784646e-4,1.433170360456426e-4,0.9999981671250229,9.164374885617146e-7,9.164374885617146e-7,0,0,10911819
277,0.03438680304046055,17.797016312368214,5.883708985468357,9.494222006811116,3.085649605600557,1.9332128538434996,5.851433542971917,9.44373156648104,0.961111111111111,3.5,5,0,0.002397260273972603,4.287148804784646e-4,1.433170360456426e-4,0.9999981671250229,9.164374885617146e-7,9.164374885617146e-7,0,0,10911819
278,0.2605119277166135,6.767250612610951,6.749796234396275,6.606214254036923,1.182310942976542,1.244761120472184,1.9902440284938003,8.40936687558032,0.961111111111111,3.5,5,0,0.002397260273972603,4.287148804784646e-4,1.433170360456426e-4,0.9999981671250229,9.164374885617146e-7,9.164374885617146e-7,0,0,10911819
279,0.650067274465574,6.222308440832421,4.46288925418122,2.101859530292504,9.662500296287462,8.728031057525962,0.3315405743551841,0.8906549690087404,0.961111111111111,3.5,5,0,0.002397260273972603,4.287148804784646e-4,1.433170360456426e-4,0.9999981671250229,9.164374885617146e-7,9.164374885617146e-7,0,0,10911819
280,0.8637266789686155,11.879654713906348,1.871980222289208,9.146354138005208,2.76739965032469,7.52452192154322,1.9273424692142709,5.546046533135921,0.9666666666666667,3.5,5,0,0.002397260273972603,4.287148804784646e-4,1.433170360456426e-4,0.9999981671250229,9.164374885617146e-7,9.164374885617146e-7,0,0,10911819
281,0.18965630461554905,17.133449132787064,7.591600518448837,1.101535613141456,5.201374355717793,7.092835367947961,1.6913973059431924,5.359769564120324,0.9666666666666667,3.5,5,0,0.002397260273972603,4.287148804784646e-4,1.433170360456426e-4,0.9999981671250229,9.164374885617146e-7,9.164374885617146e-7,0,0,10911819
282,0.03702663871445492,11.547355791088194,1.8266053505964686,9.198201343031686,9.187088131520232,4.16912012093336,1.674774592643524,5.425969486116555,0.9666666666666667,3.5,5,0,0.002397260273972603,4.287148804784646e-4,1.433170360456426e-4,0.9999981671250229,9.164374885617146e-7,9.164374885617146e-7,0,0,10911819
283,0.4953835172748922,8.80864654132165,9.161378599321512,1.0185080892074672,7.784788641368837,1.4606224591069936,3.959827991806491,2.108622676085057,0.9722222222222222,3.5,5,0,0.002397260273972603,4.287148804784646e-4,1.433170360456426e-4,0.9999981671250229,9.164374885617146e-7,9.164374885617146e-7,0,0,10911819
284,0.36839540003035476,6.165574225597084,2.222479808456362,2.04732433506652,2.930231027546442,5.910099698639614,4.014051170686946,0.6200800216823456,0.9722222222222222,3.5,5,0,0.002397260273972603,4.287148804784646e-4,1.433170360456426e-4,0.9999981671250229,9.164374885617146e-7,9.164374885617146e-7,0,0,10911819
285,0.7635577286489118,10.820153910899535,6.458700655848015,8.576988843411947,5.868447379156596,9.481358879763343,2.7318316798474767,8.899713335668801,0.9722222222222222,3.5,5,0,0.002397260273972603,4.287148804784646e-4,1.433170360456426e-4,0.9999981671250229,9.164374885617146e-7,9.164374885617146e-7,0,0,10911819
286,0.1051736954675283,11.068976111710072,5.858333125193331,7.671409079572214,9.670172904185407,5.708701794930524,4.203992365507727,2.889362457919399,0.9777777777777777,3.5,5,0,0.002397260273972603,4.287148804784646e-4,1.433170360456426e-4,0.9999981671250229,9.164374885617146e-7,9.164374885617146e-7,0,0,10911819
287,0.876314757231679,17.843453984241933,0.705697281284228,7.494100835424912,5.678367137875438,0.3348912238495268,4.668192808118182,0.686367436777841,0.9777777777777777,3.5,5,0,0.002397260273972603,4.287148804784646e-4,1.433170360456426e-4,0.9999981671250229,9.164374885617146e-7,9.164374885617146e-7,0,0,10911819
288,0.941929592400348,4.288690666900948,5.241024459722444,8.23189958016374,7.831968495373419,3.546218388427952,6.924388089990468,3.572086068513051,0.9777777777777777,3.5,5,0,0.002397260273972603,4.287148804784646e-4,1.433170360456426e-4,0.9999981671250229,9.164374885617146e-7,9.164374885617146e-7,0,0,10911819
289,0.7735126539430482,17.655898300698027,5.8554545188741915,7.342507364494117,5.75552749024308,7.694383855208348,9.981290774887436,4.26853035168295,0.9833333333333333,3.5,5,0,0.002397260273972603,4.287148804784646e-4,1.433170360456426e-4,0.9999981671250229,9.164374885617146e-7,9.164374885617146e-7,0,0,10911819
290,0.3700816293840269,13.907027606852353,8.3305950627469,7.632940444400684,5.742502902128869,8.089372590375275,8.31731972767103,7.768341545238739,0.9833333333333333,3.5,5,0,0.002397260273972603,4.287148804784646e-4,1.433170360456426e-4,0.9999981671250229,9.164374885617146e-7,9.164374885617146e-7,0,0,10911819
291,0.7700547836432401,14.852211170597002,8.659027184028165,0.6118233767413047,5.48581193712047,6.072067532615511,9.83456113144547,2.1984945943930003,0.9833333333333333,3.5,5,0,0.002397260273972603,4.287148804784646e-4,1.433170360456426e-4,0.9999981671250229,9.164374885617146e-7,9.164374885617146e-7,0,0,10911819
292,0.9275845478079794,16.780325268395245,6.648799071889215,5.1648230483002715,8.45378808459828,3.4091913962808276,3.1562625414085024,7.522926591584435,0.9888888888888889,3.5,5,0,0.002397260273972603,4.287148804784646e-4,1.433170360456426e-4,0.9999981671250229,9.164374885617146e-7,9.164374885617146e-7,0,0,10911819
293,0.17341131635515808,15.789578211959451,2.484037543932926,1.085972500459418,8.413664200501826,2.4495661219681817,9.94941314217209,2.686994011313867,0.9888888888888889,3.5,5,0,0.002397260273972603,4.287148804784646e-4,1.433170360456426e-4,0.9999981671250229,9.164374885617146e-7,9.164374885617146e-7,0,0,10911819
294,0.6580536285616655,9.631926734000444,9.010932913614624,7.591408791727033,2.3573677505558557,5.16072929419541,3.8224180514582553,2.2652793403999034,0.9888888888888889,3.5,5,0,0.002397260273972603,4.287148804784646e-4,1.433170360456426e-4,0.9999981671250229,9.164374885617146e-7,9.164374885617146e-7,0,0,10911819
295,0.5108401749770285,3.587481922470033,5.388197522140284,6.7527774305536115,2.280290665411295,6.038691169047116,1.9710686112401077,6.323103285762299,0.9944444444444445,3.5,5,0,0.002397260273972603,4.287148804784646e-4,1.433170360456426e-4,0.9999981671250229,9.164374885617146e-7,9.164374885617146e-7,0,0,10911819
296,0.15951863515619188,8.273387927096337,4.390702625366202,3.7112864858240315,0.03727806133193813,0.23853485570114977,5.840783419969112,3.375345683387776,0.9944444444444445,3.5,5,0,0.002397260273972603,4.287148804784646e-4,1.433170360456426e-4,0.9999981671250229,9.164374885617146e-7,9.164374885617146e-7,0,0,10911819
297,0.09028730519857794,19.021954263793305,1.7885006017812557,0.16903552325031884,2.337591241414421,1.9184947953259062,5.683103530168089,5.451171894546996,0.9944444444444445,3.5,5,0,0.002397260273972603,4.287148804784646e-4,1.433170360456426e-4,0.9999981671250229,9.164374885617146e-7,9.164374885617146e-7,0,0,10911819
298,0.18454112555451976,2.878307140665129,9.209371919357118,9.522226024466846,3.844938744475036,5.497956693156998,6.876285719066305,7.122065306463294,1,3.5,5,0,0.002397260273972603,4.287148804784646e-4,1.433170360456426e-4,0.9999981671250229,9.164374885617146e-7,9.164374885617146e-7,0,0,10911819
299,0.5106779581439267,19.37135513057001,9.952638098043469,1.1674564363885551,6.135843785400419,7.357034716088125,3.1601096230879686,6.754949647326427,1,3.5,5,0,0.002397260273972603,4.287148804784646e-4,1.433170360456426e-4,0.9999981671250229,9.164374885617146e-7,9.164374885617146e-7,0,0,10911819
300,0.1453559912523909,6.473879234865308,1.7452672178729858,0.909810139309663,4.406959142629567,8.597881428571931,3.59666180628124,4.871667014016444,1,3.5,5,0,0.002397260273972603,4.287148804784646e-4,1.433170360456426e-4,0.9999981671250229,9.164374885617146e-7,9.164374885617146e-7,0,0,10911819
