"","parid","rho","tau","beta1","beta2","beta3","beta4","beta5","beta6","nu","gamma","sigma","theta0","alpha","mu","delta","sig_sq","S_0","E_0","I_0","A_0","R_0","pop_0"
"1",1,0.912230629482638,97.227355071999,1.44228211158376,2.99428637454867,0.794384883485782,3.28046315813737,2.78962826095075,3.80318912896875,0.98635125677364,3.5,5,0,0.0023972602739726,0.000428714880478465,0.000143317036045643,0.01,0.999854194157588,6.31910331767232e-05,8.2614809235281e-05,0,0,10911819
"2",2,0.937734608461006,140.613725425459,4.01891591522799,3.71441825330639,1.9488001195288,2.99914706876724,2.57413400049831,2.02550443129999,0.964027446533155,3.5,5,0,0.0023972602739726,0.000428714880478465,0.000143317036045643,0.01,0.999886376894913,7.46709860482854e-05,3.89521190390551e-05,0,0,10911819
"3",3,0.402812167646385,766.651020598834,3.49075325542779,3.75870302030978,2.46720643522006,2.83219640560957,3.58503621674806,1.92442560287407,0.978872050436626,3.5,5,0,0.0023972602739726,0.000428714880478465,0.000143317036045643,0.01,0.999812427180637,7.37119881380886e-05,0.000113860831224677,0,0,10911819
"4",4,0.512781236415063,269.680164584839,3.42954102307303,4.16910505794475,2.95544692455388,4.21466036388628,1.21084629990219,2.17917541940897,0.987778065079322,3.5,5,0,0.0023972602739726,0.000428714880478465,0.000143317036045643,0.03,0.999916893141745,5.02293621686095e-05,3.28774960868665e-05,0,0,10911819
"5",5,0.466628075404813,337.507107216006,2.03710751245888,3.01879299936758,1.74964546270794,3.86163257375388,1.46330616518173,3.29093645909027,0.966195782631054,3.5,5,0,0.0023972602739726,0.000428714880478465,0.000143317036045643,0.03,0.999872372886204,2.03055775357991e-05,0.000107321536260142,0,0,10911819
"6",6,0.736430641249023,91.5129729338855,3.34155178467092,5.87141034963624,1.98751541126927,5.76597590841148,2.74559595565088,2.51277798531253,0.97553905333549,3.5,5,0,0.0023972602739726,0.000428714880478465,0.000143317036045643,0.03,0.999901162162414,6.28222024871358e-05,3.60156350990557e-05,0,0,10911819
"7",7,0.557489553073813,621.362072000796,3.95232598442346,4.03274709836457,1.70955057849963,4.30728888737643,0.731280028474714,3.65496164849423,0.981959045573158,3.5,5,0,0.0023972602739726,0.000428714880478465,0.000143317036045643,0.05,0.999866679466137,8.11888386542425e-05,5.21316952089381e-05,0,0,10911819
"8",8,0.808113704795361,744.04479845262,2.60888328525916,2.78016822353269,0.912327166505563,6.26880475885113,2.05453779055,3.2056081610649,0.979352085885283,3.5,5,0,0.0023972602739726,0.000428714880478465,0.000143317036045643,0.05,0.999898836738388,6.50794475936036e-06,9.46553168526688e-05,0,0,10911819
"9",9,0.968841771016097,352.502703137776,3.90291867968121,2.94384056352834,0.561909264546112,5.8128971995162,1.73239371354526,3.64784031497398,0.971592692563436,3.5,5,0,0.0023972602739726,0.000428714880478465,0.000143317036045643,0.05,0.999871775118245,8.93228133264891e-05,3.89020684281118e-05,0,0,10911819
"10",10,0.63516919329573,696.834528545463,1.0434473551394,5.06454012614822,2.79096450374855,2.6099496139344,3.12408866245101,4.04291371449035,0.96203592525363,3.5,5,0,0.0023972602739726,0.000428714880478465,0.000143317036045643,0.07,0.999841907271145,9.0154779802458e-05,6.79379490526363e-05,0,0,10911819
"11",11,0.425222325841008,462.631656540027,2.40884991574364,4.30960260656513,2.80512563791892,5.99598683886882,2.63082098239839,4.40914207259211,0.998913476418285,3.5,5,0,0.0023972602739726,0.000428714880478465,0.000143317036045643,0.07,0.999860980453855,3.93634930633908e-05,9.96560530816846e-05,0,0,10911819
"12",12,0.846491700285288,388.187801649489,3.00844484263171,3.07292530462932,0.496264380921475,5.3543307937285,0.821299891382424,4.20826137745849,0.99230392269296,3.5,5,0,0.0023972602739726,0.000428714880478465,0.000143317036045643,0.07,0.999855927701826,3.30237584010832e-05,0.000111048539773307,0,0,10911819
"13",13,0.912980685776158,560.082370615175,3.74293406458891,4.3697456814099,1.3608577737713,4.78705117251717,2.50307992933093,4.4461249423966,0.963393347648918,3.5,5,0,0.0023972602739726,0.000428714880478465,0.000143317036045643,0.09,0.99990229700771,1.67703661757601e-05,8.09326261138602e-05,0,0,10911819
"14",14,0.723924039941584,632.7939516731,2.51365491131445,5.18262589786085,2.62464713647549,5.23934513346684,3.20773365151335,3.98584012487612,0.976555328862986,3.5,5,0,0.0023972602739726,0.000428714880478465,0.000143317036045643,0.09,0.999882923646734,2.4370348290238e-05,9.27060049752925e-05,0,0,10911819
"15",15,0.367109744783647,742.899344052632,2.66630784139602,5.83867879497414,2.36111564737932,3.28773223062936,1.44284735828991,3.96987373209909,0.967254976506781,3.5,5,0,0.0023972602739726,0.000428714880478465,0.000143317036045643,0.09,0.999882546085651,9.04210100723971e-05,2.70329042770553e-05,0,0,10911819
"16",16,0.938180911607218,700.46032095096,1.06474948394084,5.10342185759303,0.76612627363545,4.20805548686551,2.12255035653238,3.18008215404516,0.96915956375273,3.5,5,0,0.0023972602739726,0.000428714880478465,0.000143317036045643,0.11,0.999918111533216,6.00811733186589e-05,2.18072934653151e-05,0,0,10911819
"17",17,0.788237221081235,61.1804720066467,2.18659589170277,3.69276074494092,2.46476319413214,2.45478657771581,2.27004516750444,2.4484486244053,0.993305989231439,3.5,5,0,0.0023972602739726,0.000428714880478465,0.000143317036045643,0.11,0.999952080415684,1.37405312761863e-05,3.41790530393302e-05,0,0,10911819
"18",18,0.923773863683833,758.315211285658,3.76795294245434,5.63201132791304,0.139630609557044,3.58771611989186,2.16005857331103,2.74976932918089,0.975586770453069,3.5,5,0,0.0023972602739726,0.000428714880478465,0.000143317036045643,0.11,0.999971772429939,1.16954927349668e-05,1.65320773265658e-05,0,0,10911819
"19",19,0.215600056404156,643.059562727854,1.86279426342399,3.49478966826439,1.37777111281327,6.18960247776796,3.64876933309889,2.93197372118195,0.996272575449526,3.5,5,0,0.0023972602739726,0.000428714880478465,0.000143317036045643,0.13,0.999938161298707,2.06213954835406e-05,4.1217305809177e-05,0,0,10911819
"20",20,0.632545525769068,202.281122329075,1.96090574289702,4.78337828670336,2.68900099264276,3.81244657111908,3.24231858655943,4.17728565464189,0.995828654264809,3.5,5,0,0.0023972602739726,0.000428714880478465,0.000143317036045643,0.13,0.99992489589165,6.42900498235504e-05,1.0814058526392e-05,0,0,10911819
"21",21,0.477240873996789,372.492010904387,1.4495017254856,3.9590135950158,0.7837012455377,6.25440033299838,3.95168335776392,3.4155332782483,0.991009080262487,3.5,5,0,0.0023972602739726,0.000428714880478465,0.000143317036045643,0.13,0.999879292454504,9.79072760337558e-06,0.00011091681789291,0,0,10911819
"22",22,0.550416279552573,279.173549040422,3.40857536082037,3.26126300888129,0.699738462721603,3.50092284900487,2.16970125932273,4.87825697607982,0.992577390130018,3.5,5,0,0.0023972602739726,0.000428714880478465,0.000143317036045643,0.15,0.999846748092203,8.06327732460905e-05,7.26191345507444e-05,0,0,10911819
"23",23,0.913811020885831,645.317294156491,3.91171331864682,4.36955765141063,0.937213522375009,4.16644250668915,1.35436488918336,2.62270557568618,0.977430192134701,3.5,5,0,0.0023972602739726,0.000428714880478465,0.000143317036045643,0.15,0.999811006711142,9.37485887905254e-05,9.52447000677493e-05,0,0,10911819
"24",24,0.536352153510384,221.905692451631,2.05398219334058,3.90918185393263,2.61356374498116,5.02027233514486,3.54215534134588,2.11833758503131,0.961955491395262,3.5,5,0,0.0023972602739726,0.000428714880478465,0.000143317036045643,0.15,0.999862634512116,9.0548745459692e-05,4.68167424245784e-05,0,0,10911819
"25",25,0.437763691127807,343.57856268054,3.39740875976048,2.96924566699431,0.572570323936352,3.42294589309915,4.19708104305858,2.90041359916147,0.995057424437964,3.5,5,0,0.0023972602739726,0.000428714880478465,0.000143317036045643,0.17,0.999952000147162,9.41165805103238e-06,3.85881947874311e-05,0,0,10911819
"26",26,0.949742053407942,685.123862198797,2.95353916163255,4.82374267074925,0.570615462566726,4.17180334143746,1.7823216761186,3.76413939084885,0.982815984383419,3.5,5,0,0.0023972602739726,0.000428714880478465,0.000143317036045643,0.17,0.99990831213941,2.09603210565484e-05,7.07275395333932e-05,0,0,10911819
"27",27,0.983368282041817,170.960070152955,1.41626620201002,2.88936020795146,1.29098687417417,2.89769646843323,2.08135945104165,2.23927097447985,0.961938384764408,3.5,5,0,0.0023972602739726,0.000428714880478465,0.000143317036045643,0.17,0.999910614236139,2.25211337726348e-05,6.68646300882524e-05,0,0,10911819
"28",28,0.795006392968638,262.109014413029,1.56419299122755,4.87141420565876,2.55787258261024,3.57952377025048,0.998216115260586,4.65945395334342,0.979591426243673,3.5,5,0,0.0023972602739726,0.000428714880478465,0.000143317036045643,0.19,0.999882965394361,5.86413962000801e-05,5.83932094395016e-05,0,0,10911819
"29",29,0.638314217406853,458.662181025127,4.03468177789987,4.29503604440719,2.63270388731399,4.00167776887222,1.40110528968854,3.99129575516257,0.987393694844602,3.5,5,0,0.0023972602739726,0.000428714880478465,0.000143317036045643,0.19,0.999905554657949,6.78480664994756e-05,2.65972755516284e-05,0,0,10911819
"30",30,0.334867287996979,571.453583572863,3.46246545000115,3.80123093100827,1.06728294965068,4.92150526511603,3.14905580422167,4.54565616267165,0.967974513252667,3.5,5,0,0.0023972602739726,0.000428714880478465,0.000143317036045643,0.19,0.999821544806241,7.58079380729801e-05,0.000102647255686318,0,0,10911819
"31",31,0.705079624908937,474.673899215453,1.96008747243945,6.07035738254249,0.690718549427894,4.36326249736947,2.10156609114186,4.29875577497016,0.963444062792648,3.5,5,0,0.0023972602739726,0.000428714880478465,0.000143317036045643,0.21,0.999905314969359,4.70096481393764e-05,4.76753825019679e-05,0,0,10911819
"32",32,0.494021503993081,352.661057790152,1.50232868414333,5.89732981451169,2.7231616679407,5.35318506237509,2.59349439342281,5.13063189211317,0.992999394379911,3.5,5,0,0.0023972602739726,0.000428714880478465,0.000143317036045643,0.21,0.999863328667921,3.1238226297317e-05,0.000105433105782026,0,0,10911819
"33",33,0.985982101127953,653.294700458484,1.31555616874691,3.44409637456342,2.24163333209847,2.66030835636637,2.77539454356982,4.8235791980792,0.9818633742116,3.5,5,0,0.0023972602739726,0.000428714880478465,0.000143317036045643,0.21,0.999898721247445,6.50530586972131e-05,3.62256938573028e-05,0,0,10911819
"34",34,0.54469215578984,656.981736025476,1.85313268399966,4.2266650624161,1.31069948191534,5.32232808949295,2.95855133552568,4.91097829561251,0.988889734627401,3.5,5,0,0.0023972602739726,0.000428714880478465,0.000143317036045643,0.23,0.999867217909014,1.79334523075419e-05,0.000114848638678485,0,0,10911819
"35",35,0.219395319322556,748.306522762052,3.35421371787616,4.84649030316887,0.44344454169459,4.35221704169981,3.57840279234607,2.7565212142812,0.963108097708061,3.5,5,0,0.0023972602739726,0.000428714880478465,0.000143317036045643,0.23,0.999896795724591,6.53994162805942e-05,3.7804859128405e-05,0,0,10911819
"36",36,0.32529411592409,564.353964679485,2.47557043354243,5.99888604827226,0.212126893982708,3.44295421683071,3.62865854008088,4.49434993983011,0.990209105774582,3.5,5,0,0.0023972602739726,0.000428714880478465,0.000143317036045643,0.23,0.999923645576538,3.59205209445465e-05,4.04339025177545e-05,0,0,10911819
"37",37,0.985884854761884,73.5026146336493,1.33310837710241,3.50147142750157,2.26581857302107,3.26286510394441,3.96245992370214,4.95141992530406,0.974608012896549,3.5,5,0,0.0023972602739726,0.000428714880478465,0.000143317036045643,0.25,0.999930198721329,2.79553090346158e-05,4.18459696364136e-05,0,0,10911819
"38",38,0.837243493917157,697.768633400549,3.20002194923904,5.89890702177778,2.00383832480806,5.77789725723822,2.89222179141373,4.96808445957391,0.973805708039305,3.5,5,0,0.0023972602739726,0.000428714880478465,0.000143317036045643,0.25,0.999915755348684,2.48776641882429e-05,5.93669871274795e-05,0,0,10911819
"39",39,0.982857049615049,437.886633048971,1.02641311508854,4.1113039191563,2.29796631786189,3.00104544675212,3.86616053075806,2.94480982668906,0.978653501756613,3.5,5,0,0.0023972602739726,0.000428714880478465,0.000143317036045643,0.25,0.999863855497409,2.79204763486167e-05,0.000108224026242163,0,0,10911819
"40",40,0.781067131473989,70.4902596146297,1.09990476476901,2.83653769506339,0.557698897525653,5.49337101195904,1.58957811889186,4.19006693425451,0.981440443711035,3.5,5,0,0.0023972602739726,0.000428714880478465,0.000143317036045643,0.27,0.999890503775853,1.83752440761057e-05,9.11209800711894e-05,0,0,10911819
"41",41,0.344139464286225,599.701756774522,3.81275074471219,3.81525922695413,0.685543728678597,4.08165257138348,3.03239557131573,2.08804187967097,0.965481616437059,3.5,5,0,0.0023972602739726,0.000428714880478465,0.000143317036045643,0.27,0.999945213266985,2.62280691472144e-05,2.85586638677137e-05,0,0,10911819
"42",42,0.75379699933988,223.35753334182,1.14951819087507,4.23073902394475,2.10349509062927,3.71647227340669,3.3463528581454,5.20410339247957,0.961360860871028,3.5,5,0,0.0023972602739726,0.000428714880478465,0.000143317036045643,0.27,0.99985316030985,6.19665839147063e-05,8.48731062349559e-05,0,0,10911819
"43",43,0.336028899969662,604.923651704602,1.94999265425215,3.79393890945133,3.06700793205604,4.77133544009018,3.46974459900632,2.86895680088471,0.980880471824487,3.5,5,0,0.0023972602739726,0.000428714880478465,0.000143317036045643,0.29,0.999934837602674,1.91854146417385e-05,4.59769826846009e-05,0,0,10911819
"44",44,0.397509052091923,182.857470558574,2.52971473702711,4.73496586477391,1.20111691280327,3.01687724336063,3.45855410386017,4.87596472314816,0.987959446945542,3.5,5,0,0.0023972602739726,0.000428714880478465,0.000143317036045643,0.29,0.999935032663292,4.68591340097041e-05,1.81082026981206e-05,0,0,10911819
"45",45,0.216252718488838,259.727689492465,1.01029825458372,3.63395911479723,1.81544865770318,3.85735724598562,3.37196441838643,3.46253509953229,0.970639878804208,3.5,5,0,0.0023972602739726,0.000428714880478465,0.000143317036045643,0.29,0.999886861772603,1.78426203397784e-05,9.52956070571157e-05,0,0,10911819
"46",46,0.983284239187138,551.103611336195,1.84092380151192,3.88911633040418,2.63948554634202,3.98571176524393,1.86779576636203,5.35984431516977,0.982187071273421,3.5,5,0,0.0023972602739726,0.000428714880478465,0.000143317036045643,0.31,0.99989056957315,9.04404759982636e-06,0.00010038637924975,0,0,10911819
"47",47,0.7565139205178,589.047372178044,1.9798701174135,5.97706715856031,0.979262444565324,3.30523751708888,0.410583128389778,4.6599273394039,0.972733126414541,3.5,5,0,0.0023972602739726,0.000428714880478465,0.000143317036045643,0.31,0.999838853554058,7.38525477129759e-05,8.72938982286335e-05,0,0,10911819
"48",48,0.907264872505135,729.016045404088,2.38031857342616,3.89244996986901,1.73617185567727,2.76115931779548,3.04681687234796,4.83564676349512,0.985883741292872,3.5,5,0,0.0023972602739726,0.000428714880478465,0.000143317036045643,0.31,0.999908808754424,5.26963403732854e-05,3.84949052029066e-05,0,0,10911819
"49",49,0.914584609140261,582.165269572067,2.06260901880984,4.5753364954295,2.34710178262272,3.37882962940945,3.76407596381243,5.18871405950033,0.973902988037583,3.5,5,0,0.0023972602739726,0.000428714880478465,0.000143317036045643,0.33,0.999897856466448,8.56282810657226e-05,1.65152524864813e-05,0,0,10911819
"50",50,0.627388873630836,695.80715360799,2.71476871676541,5.84861134978865,3.23666491749659,4.5664736625395,2.90373402885442,4.45787282204628,0.989882596421754,3.5,5,0,0.0023972602739726,0.000428714880478465,0.000143317036045643,0.33,0.999853435285348,4.4817854109662e-05,0.000101746860541881,0,0,10911819
"51",51,0.575062001298101,440.379425308855,2.12846894596158,4.0580408899137,0.442134847726261,2.97477177967128,1.254649829401,4.70232881580371,0.99471973348231,3.5,5,0,0.0023972602739726,0.000428714880478465,0.000143317036045643,0.33,0.999908799621306,4.53158401140273e-05,4.58845385796808e-05,0,0,10911819
"52",52,0.900416745282376,132.083061534621,1.21071443314576,3.03411938235684,0.977058120444754,2.78616274914529,2.15668953504972,2.41992185510461,0.993552365171911,3.5,5,0,0.0023972602739726,0.000428714880478465,0.000143317036045643,0.35,0.999921476411141,4.77931397797618e-05,3.07304490791448e-05,0,0,10911819
"53",53,0.703585380527847,133.633987063864,3.22072998760571,3.39779718729847,1.75639437277367,2.66291440059951,3.80303981985705,2.5949835559298,0.964851534142409,3.5,5,0,0.0023972602739726,0.000428714880478465,0.000143317036045643,0.35,0.999941530349822,2.21972578675597e-05,3.62723923100738e-05,0,0,10911819
"54",54,0.422812786870392,715.004390377822,3.98726015955914,5.40133584092559,1.42096493829756,2.41055975444016,1.9186681942291,3.39051234337658,0.990654237154941,3.5,5,0,0.0023972602739726,0.000428714880478465,0.000143317036045643,0.35,0.99994563224457,4.41409907552597e-05,1.02267646746035e-05,0,0,10911819
"55",55,0.985461069221576,596.49807863488,1.74137382077939,3.50210156989529,2.76580008292026,2.8627190452894,1.50419179016655,3.32320543562615,0.986059176377252,3.5,5,0,0.0023972602739726,0.000428714880478465,0.000143317036045643,0.37,0.999953658112127,1.21678289558738e-05,3.41740589168677e-05,0,0,10911819
"56",56,0.789020273576992,396.429261634896,1.99294975581072,3.93130824396269,2.65311530650441,4.83413956223104,4.02356015683112,2.37993454044279,0.962229855517135,3.5,5,0,0.0023972602739726,0.000428714880478465,0.000143317036045643,0.37,0.999877950893526,8.36860063855175e-05,3.83631000883789e-05,0,0,10911819
"57",57,0.264279383210215,636.339580963673,1.21743234844129,3.80077411730419,0.0756072475748969,5.18593813785984,2.39500546114769,3.71030423491874,0.991650073431931,3.5,5,0,0.0023972602739726,0.000428714880478465,0.000143317036045643,0.37,0.99986379022908,5.93126329915679e-05,7.68971379282696e-05,0,0,10911819
"58",58,0.494575224703935,65.2447207637785,1.37313536797765,6.07753943453697,0.716924505146344,2.4078694093152,1.64689763717019,5.3701280565223,0.987305719724207,3.5,5,0,0.0023972602739726,0.000428714880478465,0.000143317036045643,0.39,0.999944118407303,2.50189207156491e-05,3.08626719817282e-05,0,0,10911819
"59",59,0.613256180223926,545.968174188323,3.05534002221018,5.57315874900032,1.20076108243805,3.4287844258569,3.93577626592807,2.27487709576925,0.983813909966007,3.5,5,0,0.0023972602739726,0.000428714880478465,0.000143317036045643,0.39,0.999903279082934,4.97313280584375e-05,4.69895890072338e-05,0,0,10911819
"60",60,0.607722331450304,638.884437912671,1.86574251265609,3.7533660239181,0.566075338358055,5.59244900572836,0.939808923995594,5.20933381354888,0.984371890524125,3.5,5,0,0.0023972602739726,0.000428714880478465,0.000143317036045643,0.39,0.9999749761911,6.3282025661104e-06,1.86956063343582e-05,0,0,10911819
"61",61,0.714276733359665,695.035557732107,1.69644857504784,3.31791250409755,3.25895038603958,4.93908346196976,3.32654427037382,4.08070014547007,0.971521632647502,3.5,5,0,0.0023972602739726,0.000428714880478465,0.000143317036045643,0.41,0.999891550997594,2.71097272274886e-05,8.13392751785773e-05,0,0,10911819
"62",62,0.985099678322332,735.282533458944,3.1317632662415,5.6229484810056,0.875723538343597,2.55558151098054,1.52532380975379,4.63223619230165,0.973339720819796,3.5,5,0,0.0023972602739726,0.000428714880478465,0.000143317036045643,0.41,0.999919780298565,4.17939440616599e-05,3.84257573730329e-05,0,0,10911819
"63",63,0.941776402078558,768.07666727511,3.98137665887842,3.37872650945506,1.62981428871626,2.98171977648214,1.53282741147925,2.15196492696998,0.965217290254494,3.5,5,0,0.0023972602739726,0.000428714880478465,0.000143317036045643,0.41,0.999927549905737,4.06004365688036e-05,3.18496576944556e-05,0,0,10911819
"64",64,0.478861179491838,646.703443313901,1.80221294071084,5.68530305552522,2.04233102666211,2.59156972157173,3.15170669224448,2.55426243341556,0.968036735742656,3.5,5,0,0.0023972602739726,0.000428714880478465,0.000143317036045643,0.43,0.999835487880261,8.96729634720704e-05,7.48391562672105e-05,0,0,10911819
"65",65,0.340127745152167,416.08502044814,3.17984357589819,5.92290758521732,1.22425083145557,4.48824994620858,3.38400493211752,3.44311748581086,0.975757588181117,3.5,5,0,0.0023972602739726,0.000428714880478465,0.000143317036045643,0.43,0.999902178941459,3.60299318157063e-05,6.17911267257133e-05,0,0,10911819
"66",66,0.716939085771151,606.064930311529,1.0952464432034,4.94342856002104,0.950490669270723,2.75050509084993,3.25413124222296,4.71032852464905,0.976681306157895,3.5,5,0,0.0023972602739726,0.000428714880478465,0.000143317036045643,0.43,0.999877191938374,7.43774709281141e-05,4.84305906983385e-05,0,0,10911819
"67",67,0.191959630358472,621.383772267648,2.40312891588825,4.58049308094761,0.58301716798806,4.62077334257114,2.77937502379534,4.97527178177313,0.996909119977726,3.5,5,0,0.0023972602739726,0.000428714880478465,0.000143317036045643,0.45,0.999938209476161,3.55924848362462e-05,2.61980390025324e-05,0,0,10911819
"68",68,0.368043089631375,220.053558855379,2.61476448126211,3.37595676855665,1.60564444674779,3.61661792584938,3.44144357633108,2.04254105463117,0.984137217060984,3.5,5,0,0.0023972602739726,0.000428714880478465,0.000143317036045643,0.45,0.999870672155071,7.4518545747418e-05,5.48092991814427e-05,0,0,10911819
"69",69,0.246170904910534,554.186669667946,3.46077342348718,6.01745423034082,2.40269105364172,5.76526623915565,3.08719687820496,2.28446904942089,0.973377593786864,3.5,5,0,0.0023972602739726,0.000428714880478465,0.000143317036045643,0.45,0.999818391485392,6.6842412610367e-05,0.000114766101998025,0,0,10911819
"70",70,0.676108654058859,340.868479266914,1.72875551952544,3.75197560156895,0.627545679586954,5.75775996554612,2.07453561353434,4.29278271414088,0.965563875879672,3.5,5,0,0.0023972602739726,0.000428714880478465,0.000143317036045643,0.47,0.999860533726122,4.93186750811567e-05,9.01475987966431e-05,0,0,10911819
"71",71,0.74409824270596,184.378219625981,4.02858773623804,3.13508192273078,0.557563233519661,3.53558967826128,0.856643613511755,4.83527787828328,0.993385416114684,3.5,5,0,0.0023972602739726,0.000428714880478465,0.000143317036045643,0.47,0.99986209551876,5.43110590235886e-05,8.35934222165873e-05,0,0,10911819
"72",72,0.838221655668602,395.474002942015,3.84586196823464,6.00373312888971,3.28426649214696,4.57460398418189,2.87873157452868,2.76872308390909,0.993608936628108,3.5,5,0,0.0023972602739726,0.000428714880478465,0.000143317036045643,0.47,0.999959348646642,3.08290260597156e-05,9.82232729873425e-06,0,0,10911819
"73",73,0.553698092978665,287.687062982144,2.77081133860697,4.26989060675247,1.77839464415431,4.6005858737019,1.23575736663081,5.19398513453925,0.996934949950051,3.5,5,0,0.0023972602739726,0.000428714880478465,0.000143317036045643,0.49,0.999901133844853,5.54556051733882e-05,4.34105499737691e-05,0,0,10911819
"74",74,0.734087620964742,155.629544807089,2.80567038880828,4.50075764265313,1.38190897738039,4.60451492372732,3.13233863539299,2.35262434166523,0.981364449026393,3.5,5,0,0.0023972602739726,0.000428714880478465,0.000143317036045643,0.49,0.999839023596042,6.92064255505069e-05,9.17699784070099e-05,0,0,10911819
"75",75,0.898799909100331,647.563090185302,3.33354625781624,3.94710547506844,2.03958209699255,5.24891341883483,0.458369467883326,3.91068674915771,0.963137764458739,3.5,5,0,0.0023972602739726,0.000428714880478465,0.000143317036045643,0.49,0.99989902185885,2.79737318849795e-05,7.30044092650039e-05,0,0,10911819
"76",76,0.669771800735644,736.531016001977,1.46081278226458,3.18744319875979,1.00897401324401,2.59770013847237,3.37804409782341,2.29516816881366,0.98718842115353,3.5,5,0,0.0023972602739726,0.000428714880478465,0.000143317036045643,0.51,0.999838717947675,5.95670635622781e-05,0.00010171498876264,0,0,10911819
"77",77,0.969540040291303,764.157041064316,2.16520603820583,2.77575122392347,1.88468097394195,4.73909015601863,2.39570704373975,3.33622621545908,0.982404133857524,3.5,5,0,0.0023972602739726,0.000428714880478465,0.000143317036045643,0.51,0.999874093538614,1.81552663657422e-05,0.000107751195020689,0,0,10911819
"78",78,0.373278472844762,674.401594045031,3.72992184390126,5.35375100032069,0.658464103642239,2.56124214267044,3.20449143451276,4.26103595219832,0.976130341190901,3.5,5,0,0.0023972602739726,0.000428714880478465,0.000143317036045643,0.51,0.999826858978012,6.33038112298442e-05,0.000109837210757949,0,0,10911819
"79",79,0.55422417054758,171.457107504202,2.97679244946704,4.11909668014382,2.73949943991824,2.4611340792901,1.03269048988412,4.59720901112051,0.982092046485999,3.5,5,0,0.0023972602739726,0.000428714880478465,0.000143317036045643,0.53,0.999855150453758,4.29770450868029e-05,0.000101872501155078,0,0,10911819
"80",80,0.523557164527535,181.410312273961,3.59840136954728,5.54055500048326,0.507463672060659,3.13334042215325,3.12686904329892,5.1704286960041,0.992383327974517,3.5,5,0,0.0023972602739726,0.000428714880478465,0.000143317036045643,0.53,0.999893134962688,7.99551895087636e-05,2.69098478036663e-05,0,0,10911819
"81",81,0.91087717365945,563.631841314243,3.81550704374523,5.25527762932337,1.34620017432317,5.28049043342803,2.7744728332226,4.81854725315243,0.983766441786853,3.5,5,0,0.0023972602739726,0.000428714880478465,0.000143317036045643,0.53,0.999825450402401,6.52890301085949e-05,0.00010926056749072,0,0,10911819
"82",82,0.287202730924275,282.80273119092,1.54348624964336,4.73336187033963,0.949796992335224,3.47481410295156,2.8449774188567,5.1425265019546,0.982365434406652,3.5,5,0,0.0023972602739726,0.000428714880478465,0.000143317036045643,0.55,0.99988005573341,1.67689174705141e-05,0.000103175349119911,0,0,10911819
"83",83,0.481514801499746,128.278965191288,1.41597350579306,4.47022302564983,2.44079148200946,5.72715357258572,3.73811459818848,3.39475910460832,0.962321035660469,3.5,5,0,0.0023972602739726,0.000428714880478465,0.000143317036045643,0.55,0.99992836085239,5.27519732590201e-05,1.88871743506422e-05,0,0,10911819
"84",84,0.482275085824905,692.442805080689,2.70888717837764,5.12293405330407,1.74327417946171,5.35209455522661,3.77933932256245,3.09331172065382,0.961676234061532,3.5,5,0,0.0023972602739726,0.000428714880478465,0.000143317036045643,0.55,0.999851570360395,4.63576817543976e-05,0.000102071957850904,0,0,10911819
"85",85,0.180163321015503,318.50430791574,3.7870066744139,5.87437393039937,2.56505143480831,6.21252857067618,1.498233539521,5.14580391929402,0.971722071372528,3.5,5,0,0.0023972602739726,0.000428714880478465,0.000143317036045643,0.57,0.999922396249371,4.53905011219981e-05,3.22132495072217e-05,0,0,10911819
"86",86,0.823266352224762,48.0248739297997,3.07887684318808,5.80585244052143,2.53362838881547,3.54081740029349,3.25858810866926,3.23633382029103,0.979839724286951,3.5,5,0,0.0023972602739726,0.000428714880478465,0.000143317036045643,0.57,0.999958335443835,1.81051302368421e-05,2.35594259276913e-05,0,0,10911819
"87",87,0.793189387468096,135.127507000619,3.01280595135403,5.3696635392794,0.662039180854849,4.22058886567974,1.66944936446919,5.27570717169529,0.992619245932916,3.5,5,0,0.0023972602739726,0.000428714880478465,0.000143317036045643,0.57,0.999902396181201,2.07286494307474e-05,7.68751693682366e-05,0,0,10911819
"88",88,0.368319756063169,712.046600776749,1.42170057869907,5.38199314527602,0.232850137024686,4.83035982171868,4.04001526385301,1.99545009037877,0.96739169324105,3.5,5,0,0.0023972602739726,0.000428714880478465,0.000143317036045643,0.59,0.999892885346892,9.28360289034025e-05,1.42786242049054e-05,0,0,10911819
"89",89,0.998731342565647,240.864378294942,1.6640331616349,4.47414482099761,2.27301406345956,5.53179948023605,0.598394155115096,4.27565943078441,0.979350086941676,3.5,5,0,0.0023972602739726,0.000428714880478465,0.000143317036045643,0.59,0.999960370541528,3.0567324634105e-05,9.06213383830193e-06,0,0,10911819
"90",90,0.73993967518846,164.331220748536,2.23090797259894,5.94456210771972,2.16000678973378,3.6316954927154,2.30920103259563,2.96226417905199,0.979268399979588,3.5,5,0,0.0023972602739726,0.000428714880478465,0.000143317036045643,0.59,0.999910169628685,3.88841673565487e-05,5.09462039587186e-05,0,0,10911819
"91",91,0.589625346485969,250.531254761823,3.03557843033562,6.02935252036317,0.350493283395945,5.19735355637739,4.19174878803375,4.04557410517625,0.990569605974056,3.5,5,0,0.0023972602739726,0.000428714880478465,0.000143317036045643,0.61,0.999935901400982,1.89313233016659e-05,4.51672757159759e-05,0,0,10911819
"92",92,0.182063618060647,373.280087960255,2.13460108720677,4.94761643568862,0.564085467341619,4.95623928608818,2.37488644620637,3.64687293667791,0.995717238180973,3.5,5,0,0.0023972602739726,0.000428714880478465,0.000143317036045643,0.61,0.999840156513734,6.79142924389586e-05,9.19291938269832e-05,0,0,10911819
"93",93,0.329827364253842,260.670615572956,1.39286773374192,4.08059870486272,1.59340458248412,5.90797851878448,1.35073426009286,3.49807947631802,0.966762365439492,3.5,5,0,0.0023972602739726,0.000428714880478465,0.000143317036045643,0.61,0.999913806438129,4.60804764620328e-05,4.01130854087933e-05,0,0,10911819
"94",94,0.481638674732712,380.30301707985,3.73927056278305,5.48410050928368,2.22367304001583,3.5667652065265,2.97849357507888,4.36351903863652,0.993423087203508,3.5,5,0,0.0023972602739726,0.000428714880478465,0.000143317036045643,0.63,0.99984375351522,6.00132496748455e-05,9.62332351048067e-05,0,0,10911819
"95",95,0.667482211020471,710.675983747513,1.99042840694274,6.09781713332382,1.44060318733177,2.8840524191673,0.681549804726908,4.5204092558381,0.964199428381,3.5,5,0,0.0023972602739726,0.000428714880478465,0.000143317036045643,0.63,0.999863800976364,4.58508109524607e-05,9.03482126832692e-05,0,0,10911819
"96",96,0.350849019824619,257.118281313369,3.24684468518421,4.35839982585839,0.164938566649821,2.77122470002553,3.75518268839272,4.70969920799026,0.978868258678196,3.5,5,0,0.0023972602739726,0.000428714880478465,0.000143317036045643,0.63,0.999830063855732,7.54471450330141e-05,9.44889992348137e-05,0,0,10911819
"97",97,0.623466752783547,168.750337918412,3.18480370610991,4.93739884261945,1.05813023700598,2.41757403426285,2.31070287072757,3.19062102383811,0.996579659614186,3.5,5,0,0.0023972602739726,0.000428714880478465,0.000143317036045643,0.65,0.999840012581972,7.43085248165035e-05,8.56788932119702e-05,0,0,10911819
"98",98,0.479127110618489,548.093464546773,2.57254110821778,5.01647120609252,0.513121981896263,5.71722975888766,2.37911360745581,2.96374331638535,0.993890970011405,3.5,5,0,0.0023972602739726,0.000428714880478465,0.000143317036045643,0.65,0.999825543297321,7.92407227412565e-05,9.52159799382736e-05,0,0,10911819
"99",99,0.196690812508835,390.703080398807,2.18529164238162,5.58193619191017,1.82895193803373,4.29623267702624,4.07402921794799,3.05023538337018,0.978403828247777,3.5,5,0,0.0023972602739726,0.000428714880478465,0.000143317036045643,0.65,0.999835477700665,8.39194119837943e-05,8.0602887351232e-05,0,0,10911819
"100",100,0.741779337113507,355.185564750683,2.23026302446671,5.98588858400355,2.01752893232222,6.02667405777856,2.86549281213769,5.21889103496175,0.980109464018967,3.5,5,0,0.0023972602739726,0.000428714880478465,0.000143317036045643,0.67,0.99992536467161,1.9908125034175e-05,5.47272033557165e-05,0,0,10911819
"101",101,0.686008441915424,328.547593548911,1.67347872406103,2.99841610331497,1.96740445516891,5.62659898828435,2.70761178236244,4.71516254457265,0.989587378375712,3.5,5,0,0.0023972602739726,0.000428714880478465,0.000143317036045643,0.67,0.999892526145964,5.48879586137282e-05,5.25858954221435e-05,0,0,10911819
"102",102,0.87742159667101,695.82208607783,2.71745945481318,6.02389965583148,3.16170346097328,4.41925229956541,1.23908687955452,2.84646262592289,0.988330388277057,3.5,5,0,0.0023972602739726,0.000428714880478465,0.000143317036045643,0.67,0.999856983432548,3.88715399190524e-05,0.000104145027533197,0,0,10911819
"103",103,0.370051890789519,666.2854483406,1.2803515944919,3.64304507276729,1.01745656557662,2.38241641118653,1.26126654890021,4.78785186233859,0.994033667227579,3.5,5,0,0.0023972602739726,0.000428714880478465,0.000143317036045643,0.69,0.999889926790432,5.88693632297509e-05,5.12038463379622e-05,0,0,10911819
"104",104,0.747948467422158,601.628457256322,3.25756838081658,4.40110818244839,3.13546098033014,3.40294836998866,3.09947419768099,3.73826667292462,0.988998678534959,3.5,5,0,0.0023972602739726,0.000428714880478465,0.000143317036045643,0.69,0.999945113736417,1.92623741357647e-05,3.56238894474972e-05,0,0,10911819
"105",105,0.516274516075317,363.913430368464,2.20991142580956,4.5946283294658,0.447652835337849,5.64063813722433,1.17494336857054,4.95858990713056,0.980429782949045,3.5,5,0,0.0023972602739726,0.000428714880478465,0.000143317036045643,0.69,0.99992004409489,4.2781284986558e-05,3.71746201232475e-05,0,0,10911819
"106",106,0.863896330069226,636.500626225052,2.60653235486531,3.26811777386488,2.12645474315109,4.45358732234924,1.67967101382955,2.27325785881262,0.998675826888622,3.5,5,0,0.0023972602739726,0.000428714880478465,0.000143317036045643,0.71,0.999881945225255,4.46535310010189e-05,7.34012437442864e-05,0,0,10911819
"107",107,0.833062587549102,607.440917214827,3.15206155130346,5.20123032583245,2.00579197823669,6.26171851592817,0.533771833048507,2.52731464778422,0.963577875146858,3.5,5,0,0.0023972602739726,0.000428714880478465,0.000143317036045643,0.71,0.999948573971624,1.36721516579022e-05,3.77538767182168e-05,0,0,10911819
"108",108,0.33152405914817,108.386528423945,3.20071113919552,5.71865281924507,0.216405163341967,3.45889890588583,3.68995936840242,2.70798435243275,0.999490744885576,3.5,5,0,0.0023972602739726,0.000428714880478465,0.000143317036045643,0.71,0.999891302926565,7.9195298368963e-05,2.95017750663756e-05,0,0,10911819
"109",109,0.456418813653753,381.560526784503,3.88565250316495,5.16583975466555,0.487928402289789,5.62081196497943,2.88581658661069,3.37762378871315,0.989464355930423,3.5,5,0,0.0023972602739726,0.000428714880478465,0.000143317036045643,0.73,0.999916706047431,5.3652045740017e-05,2.96419068287342e-05,0,0,10911819
"110",110,0.786758262682553,505.802454958094,3.70676337668751,5.73107667719607,2.18934409930188,4.32877913349916,0.97209710491023,2.92232447076145,0.977903584554238,3.5,5,0,0.0023972602739726,0.000428714880478465,0.000143317036045643,0.73,0.999871999930153,3.4932062768921e-05,9.30680070783794e-05,0,0,10911819
"111",111,0.754583249655553,267.079532429894,2.82642703083905,4.2497571211831,1.4669432008005,4.24141324409558,1.3466441766507,2.89149832153291,0.976405844528886,3.5,5,0,0.0023972602739726,0.000428714880478465,0.000143317036045643,0.73,0.999867062924879,4.632870732292e-05,8.66083677985406e-05,0,0,10911819
"112",112,0.211300825131093,696.868523553383,1.37279710533519,4.88501884833393,0.872104779538164,2.60037067036102,1.97484057074868,3.43339983457156,0.988547173547029,3.5,5,0,0.0023972602739726,0.000428714880478465,0.000143317036045643,0.75,0.999961818039023,8.99129110252996e-06,2.91906698749802e-05,0,0,10911819
"113",113,0.653719592067507,251.223215277962,2.17950091871228,5.39207364310777,0.89919324700841,5.92027793161404,1.12820571678037,2.19472114320798,0.989777491332807,3.5,5,0,0.0023972602739726,0.000428714880478465,0.000143317036045643,0.75,0.999854592246303,5.97355703249618e-05,8.56721833715667e-05,0,0,10911819
"114",114,0.952218940904442,410.516902586849,2.75676049858237,3.59519889171539,0.333221755445738,4.69231016331551,1.48559604597798,3.00968690425223,0.992942094032292,3.5,5,0,0.0023972602739726,0.000428714880478465,0.000143317036045643,0.75,0.999867110354428,8.76612087200872e-05,4.52284368515873e-05,0,0,10911819
"115",115,0.996287640970939,261.015173387705,2.28684883410759,2.89444441838996,2.98950004952569,4.65783441730564,1.13244623495465,3.95515991573883,0.990044299347086,3.5,5,0,0.0023972602739726,0.000428714880478465,0.000143317036045643,0.77,0.999941215763904,2.73012532615832e-05,3.14829828347633e-05,0,0,10911819
"116",116,0.828551759287426,106.491830429925,2.19126711760933,3.33195665694509,3.20668395427604,5.21219931095128,1.2780845876751,5.29727831053911,0.985579377938665,3.5,5,0,0.0023972602739726,0.000428714880478465,0.000143317036045643,0.77,0.99983215437511,7.05605170837896e-05,9.72851078064351e-05,0,0,10911819
"117",117,0.91860563315266,538.95977369416,1.57178617121256,3.35162626374632,1.04572715621386,5.24671149424145,1.36613415839004,3.47015589484332,0.995927576474594,3.5,5,0,0.0023972602739726,0.000428714880478465,0.000143317036045643,0.77,0.999969725475833,1.70349792170566e-05,1.3239544949897e-05,0,0,10911819
"118",118,0.800704500435913,653.035786803374,2.33751524829991,4.94747935523655,2.00742123758222,2.98591331354972,4.16200820123098,4.63455064528733,0.983664307386378,3.5,5,0,0.0023972602739726,0.000428714880478465,0.000143317036045643,0.79,0.99989507998648,6.57563080967924e-05,3.91637054235271e-05,0,0,10911819
"119",119,0.793837159605156,365.676552049877,4.0394277499776,4.03100495037288,2.21865285788489,6.26030720782298,0.724037057681231,2.37447008468546,0.967220035865949,3.5,5,0,0.0023972602739726,0.000428714880478465,0.000143317036045643,0.79,0.999938001315309,4.54678932009089e-05,1.65307914898905e-05,0,0,10911819
"120",120,0.371554715427374,612.621141300885,2.08453138340635,4.97246585424069,0.163681865358727,3.61574445559639,2.06166243203324,2.23765505642807,0.976119238325959,3.5,5,0,0.0023972602739726,0.000428714880478465,0.000143317036045643,0.79,0.999897349709075,6.7653275658781e-05,3.49970152660343e-05,0,0,10911819
"121",121,0.924691133414368,514.8517753142,3.44806204278193,4.2371757828842,1.2219738619165,4.32318655812596,3.74590634311478,3.13502886220502,0.976160047082334,3.5,5,0,0.0023972602739726,0.000428714880478465,0.000143317036045643,0.81,0.999914467420443,4.67492043428293e-05,3.87833752147328e-05,0,0,10911819
"122",122,0.441449468794823,348.598109921618,1.90696553642594,2.77981022734426,1.07554709631274,3.73194392557962,3.34524844347485,2.98622073107879,0.99793457536356,3.5,5,0,0.0023972602739726,0.000428714880478465,0.000143317036045643,0.81,0.999820871120966,6.49252007288937e-05,0.00011420367830528,0,0,10911819
"123",123,0.763157618630248,287.548549411454,3.57505330674335,2.77143610628879,2.18442427107391,3.14533297514253,1.19075133711426,2.38871845541482,0.97664399276761,3.5,5,0,0.0023972602739726,0.000428714880478465,0.000143317036045643,0.81,0.999936322406319,3.16480923625518e-05,3.20295013188092e-05,0,0,10911819
"124",124,0.871205310086809,716.500333555545,2.57525813571277,5.43078328627622,2.15815043212965,3.00731896659879,2.26815433506456,4.64119159207045,0.998234171733503,3.5,5,0,0.0023972602739726,0.000428714880478465,0.000143317036045643,0.83,0.999896065447972,2.28856833923923e-05,8.10488686357544e-05,0,0,10911819
"125",125,0.40798523532419,314.252249519237,2.91601471699264,4.41370099885003,1.03026861619896,4.09015425246622,2.84253408303849,4.70000063502296,0.993290051624164,3.5,5,0,0.0023972602739726,0.000428714880478465,0.000143317036045643,0.83,0.999886592138465,5.85774585825914e-05,5.48304029525484e-05,0,0,10911819
"126",126,0.993281369795577,436.612329595045,2.68671117939152,5.2139366338232,0.116926177383398,3.11663834080883,1.35343478377249,2.34424168349729,0.997105264557425,3.5,5,0,0.0023972602739726,0.000428714880478465,0.000143317036045643,0.83,0.999939633807419,1.40801671701065e-05,4.62860254113873e-05,0,0,10911819
"127",127,0.987982245035889,92.7606334772817,2.67323073106623,3.7035022873317,3.01727458696125,4.62165774207872,3.15008243671669,3.4745598772245,0.995220033211379,3.5,5,0,0.0023972602739726,0.000428714880478465,0.000143317036045643,0.85,0.9999189585854,2.48417477235245e-05,5.61996668761981e-05,0,0,10911819
"128",128,0.528652952101372,226.328679477123,1.21409614725745,3.71485730202012,1.60159622210573,2.6831579536806,1.85722389446717,4.75203746106286,0.964117946429133,3.5,5,0,0.0023972602739726,0.000428714880478465,0.000143317036045643,0.85,0.999868346306103,6.72138270532394e-05,6.44398668436791e-05,0,0,10911819
"129",129,0.338654586030144,652.814282159772,1.17784876801116,3.11887850763764,2.15150961290542,6.30131719175975,3.07160107206375,3.34724284180734,0.977419725669447,3.5,5,0,0.0023972602739726,0.000428714880478465,0.000143317036045643,0.85,0.999849416757167,7.53465008889585e-05,7.52367419438494e-05,0,0,10911819
"130",130,0.55675564524286,358.296098289411,1.76067512335086,3.06346091789158,1.3117897212922,4.88509672430596,1.07539823481629,2.25254202870398,0.990794686211679,3.5,5,0,0.0023972602739726,0.000428714880478465,0.000143317036045643,0.87,0.999930021062946,1.45878005215341e-05,5.53911365321117e-05,0,0,10911819
"131",131,0.209336897517727,221.615364274085,2.8149051085267,5.33612265308703,0.91074706424235,2.65701036306268,3.39675824398734,3.54814178810164,0.97150658336714,3.5,5,0,0.0023972602739726,0.000428714880478465,0.000143317036045643,0.87,0.999832215092989,5.47803733140515e-05,0.00011300453369661,0,0,10911819
"132",132,0.271109239946647,175.976460112624,2.13030257855438,3.65237605282402,2.90496885860686,5.60383132041124,3.96174121187891,4.51113725748801,0.990550809471966,3.5,5,0,0.0023972602739726,0.000428714880478465,0.000143317036045643,0.87,0.999932189917725,3.75953143181017e-05,3.02147679569925e-05,0,0,10911819
"133",133,0.73628457201618,226.862357418562,2.20454321997872,5.62939009887885,1.15445324699613,4.48610806406402,1.48982206791017,2.01845005437205,0.998543837666766,3.5,5,0,0.0023972602739726,0.000428714880478465,0.000143317036045643,0.89,0.999896065982779,2.44495946775753e-05,7.94844225429826e-05,0,0,10911819
"134",134,0.685912315698343,301.490417366622,1.6951143442299,3.29968904097071,0.37524676652052,3.97251266021967,2.55285153810505,2.93135580063672,0.981185759568076,3.5,5,0,0.0023972602739726,0.000428714880478465,0.000143317036045643,0.89,0.999894212370918,8.97589328142738e-05,1.60286962679739e-05,0,0,10911819
"135",135,0.981997759786862,650.100816505601,1.22524327946092,3.24444230297862,2.56691706221279,5.72994895891892,1.08944446184435,3.7042940570667,0.990608839489527,3.5,5,0,0.0023972602739726,0.000428714880478465,0.000143317036045643,0.89,0.999898590264573,7.66274471451716e-05,2.4782288282169e-05,0,0,10911819
"136",136,0.540212872567211,66.61961480896,1.44551049079689,5.08100829243577,1.3847504108655,4.47562610220081,2.96296130875046,3.00153027838984,0.973594108427239,3.5,5,0,0.0023972602739726,0.000428714880478465,0.000143317036045643,0.91,0.999845719797014,8.54921495721738e-05,6.8788053413985e-05,0,0,10911819
"137",137,0.311860617057723,502.196091412808,1.03759362981127,3.099433821847,2.96413602409327,3.6150317129184,1.58787499749151,4.82077674217376,0.986394406655456,3.5,5,0,0.0023972602739726,0.000428714880478465,0.000143317036045643,0.91,0.999916519600731,2.90238071903159e-05,5.44565920787761e-05,0,0,10911819
"138",138,0.300921662914694,454.899185536259,1.70990789823017,4.91294688858756,1.58541115221836,2.45301330776726,0.502446792362412,2.72737177900476,0.989355280453015,3.5,5,0,0.0023972602739726,0.000428714880478465,0.000143317036045643,0.91,0.999923675548389,1.55890908037393e-05,6.07353608067415e-05,0,0,10911819
"139",139,0.807862565433858,698.76126183744,3.25909230209381,2.94226120460434,1.41983295691415,5.46675500883374,2.91921039686954,3.06497253666023,0.985327706962725,3.5,5,0,0.0023972602739726,0.000428714880478465,0.000143317036045643,0.93,0.999929805139371,3.34611786233466e-05,3.67336820058724e-05,0,0,10911819
"140",140,0.630887927223274,137.586008611948,2.62676627657555,2.78537504734473,3.28779330752972,4.21943141121921,3.00796430068574,4.73648114734246,0.989155524239316,3.5,5,0,0.0023972602739726,0.000428714880478465,0.000143317036045643,0.93,0.999910922133813,7.05460981387013e-05,1.85317680484913e-05,0,0,10911819
"141",141,0.487290612054915,727.037080754281,2.62358630272866,4.74507418863944,3.23880563893669,4.1900823575613,2.12469513022806,2.81210456090299,0.970306314970059,3.5,5,0,0.0023972602739726,0.000428714880478465,0.000143317036045643,0.93,0.999897045914709,8.88631666908007e-05,1.40909186006275e-05,0,0,10911819
"142",142,0.958118461297515,674.437777561539,3.39792546052801,3.05209131395093,0.795262094058556,4.75113902476008,3.70757777216342,3.69562097098857,0.999642213004518,3.5,5,0,0.0023972602739726,0.000428714880478465,0.000143317036045643,0.95,0.999845274814157,8.06125569083881e-05,7.4112628934708e-05,0,0,10911819
"143",143,0.181612250051536,693.26914054769,3.50487256100215,3.76435056669311,2.04368119659251,4.39560399471499,1.33117897035624,3.03751452069929,0.96372589783236,3.5,5,0,0.0023972602739726,0.000428714880478465,0.000143317036045643,0.95,0.999858409027398,8.92469380193774e-05,5.23440345823531e-05,0,0,10911819
"144",144,0.294634897953966,549.507285423175,3.67092324277715,3.40572250442014,2.70352283557802,5.22645459451453,3.19602589915852,2.3115987625317,0.97675305693411,3.5,5,0,0.0023972602739726,0.000428714880478465,0.000143317036045643,0.95,0.99982171550117,6.56980597001846e-05,0.000112586439130286,0,0,10911819
"145",145,0.986226704879,75.4112274584682,2.34920564890579,5.17725645773629,1.07459151254049,2.5697145531972,3.05224460933521,3.72588952006364,0.966838932076697,3.5,5,0,0.0023972602739726,0.000428714880478465,0.000143317036045643,0.97,0.999920634651109,1.79315355860661e-05,6.14338133044466e-05,0,0,10911819
"146",146,0.966648386431483,469.929102997015,2.21034794576031,3.1703699294624,2.29911623105292,6.01240391888213,3.59774974760672,4.63812574948473,0.963457816365466,3.5,5,0,0.0023972602739726,0.000428714880478465,0.000143317036045643,0.97,0.999859135334317,5.74095261122389e-05,8.34551395707263e-05,0,0,10911819
"147",147,0.699657783545954,572.358948807518,1.32509122699663,4.61862429777336,2.67134609709525,2.65644484511602,3.58136600669974,1.99261410669532,0.973619040936228,3.5,5,0,0.0023972602739726,0.000428714880478465,0.000143317036045643,0.97,0.999836234539897,5.40698674280436e-05,0.000109695592675391,0,0,10911819
"148",148,0.241522252242495,230.429943872689,1.36027985182577,3.28030509885618,2.0880914958747,2.56913222009391,1.4267555759509,5.0547615967394,0.977846965393568,3.5,5,0,0.0023972602739726,0.000428714880478465,0.000143317036045643,0.99,0.999885910680809,3.41039780253982e-05,7.99853411652437e-05,0,0,10911819
"149",149,0.509204489910922,463.821882694769,4.05660555840024,5.28714953323095,2.77905554039445,2.84284791563156,2.48688529714559,4.93418371550582,0.986317312548698,3.5,5,0,0.0023972602739726,0.000428714880478465,0.000143317036045643,0.99,0.999839433934079,5.20057661292236e-05,0.000108560299792248,0,0,10911819
"150",150,0.941905396815483,765.335725017784,2.99056255748399,3.29742339966882,2.16045706120726,5.66046976812426,2.3567848544109,4.3955021066049,0.984670899746945,3.5,5,0,0.0023972602739726,0.000428714880478465,0.000143317036045643,0.99,0.999827150772904,6.73595313369936e-05,0.000105489695758926,0,0,10911819
