week,S_med,E_med,I_med,A_med,R_med,incid_med,pop_med,cases_med,S_mean,E_mean,I_mean,A_mean,R_mean,incid_mean,pop_mean,cases_mean,S_lo,E_lo,I_lo,A_lo,R_lo,incid_lo,pop_lo,cases_lo,S_hi,E_hi,I_hi,A_hi,R_hi,incid_hi,pop_hi,cases_hi,date
1,10894734,3297,4327,0,12204,9978,10914899,9492,10895390.16,3284.88,4151.72,0,12082.24,9551.48,10914909,9362.28,10893328.2,2234,3243.6000000000004,0,10695.8,7434.8,10914778.8,7276.4,10898609.4,4188.5999999999995,4760.5999999999995,0,13134,10965.6,10915044,11085.8,2010-10-21
2,10886636,3432,4344,0,23800,11959,10918043,11333,10885804.24,3589.6,4622.84,0,24025.64,12460,10918042.32,11994.76,10878779.8,2504.4,3064,0,18866.2,7856.6,10917865,8091.4000000000005,10893639.600000001,5168.200000000001,6438,0,27717.2,16842.6,10918187.4,16186,2010-10-28
3,10877093,3484,4611,0,35407,12535,10921144,11903,10875626.6,3776.04,4846.48,0,36860.92,13131.76,10921110.04,12727.72,10859299.2,2069.8,3008,0,27398.4,8664.4,10920774.2,7984.2,10888316.2,6213.399999999998,8012.199999999997,0,47420.8,21356.199999999997,10921383.8,20728.999999999996,2010-11-04
4,10866096,3533,4798,0,48141,13101,10924219,13048,10864843.88,3906.96,5078.24,0,50390.4,13871.84,10924219.48,13445.12,10839251.2,2012.6,2648.4,0,35674.8,7837.6,10923907.6,6885.4,10883898.2,7037.4,8450.199999999999,0,70325.2,23408.8,10924556.2,22589.199999999997,2010-11-11
5,10857580,3708,4892,0,61912,13267,10927322,12657,10853564.28,4127.08,5289.48,0,64346.8,14316.2,10927327.64,13550.84,10819532,2202.6,2880,0,42968.4,7810.4,10926988.600000001,7209.6,10879211.8,7940.399999999998,9765.199999999999,0,92584.79999999999,25694.6,10927725.399999999,24634.6,2010-11-18
6,10848352,3132,4653,0,74401,12949,10930436,12758,10842832.76,3769.96,5122.04,0,78722.12,14385.56,10930446.88,13818.08,10798802.6,1710.2000000000003,2585.4,0,50845.6,7814.8,10930155,6919.6,10874248,6641.199999999999,9331.199999999997,0,115692.19999999998,25610.799999999992,10930853.600000001,25737.199999999997,2010-11-25
7,10840182,3238,4139,0,86445,12115,10933573,11183,10832699.48,3720.04,4846.8,0,92294.8,13512.72,10933561.12,12812.92,10777702.8,1679,2302.4,0,58771.4,6403.6,10933202.2,5961.6,10869203.600000001,6717.799999999999,8943,0,140116.99999999997,24369.199999999997,10933964.6,24031.799999999996,2010-12-02
8,10835100,3120,3705,0,95333,10799,10936658,11016,10824378.6,3238.52,4278.16,0,104762.68,12152.12,10936657.96,11762.88,10761136.4,1406.8,1871.6000000000001,0,67098,5433.799999999999,10936301.8,5474.6,10863959.8,5715,7431.5999999999985,0,162330.99999999997,21110.399999999994,10937034.2,21281.399999999994,2010-12-09
9,10827810,2576,4035,0,105722,11204,10939800,10446,10816713.6,2913.88,4082.64,0,116070.32,11391.12,10939780.44,10950.6,10749605.399999999,1530,2087.8,0,75624.2,5535.4,10939451,5005.8,10858567.4,4471.199999999999,6701.5999999999985,0,180454.99999999997,19020.6,10940136.8,19423.799999999996,2010-12-16
10,10822216,2837,3854,0,115856,10536,10942917,10309,10809975.36,2846.04,3676.8,0,126414.92,10243.08,10942913.12,10100.24,10739443.6,1234.2,1920.8000000000002,0,84065.6,5384,10942562.2,4858.6,10853809,4478.5999999999995,5756.199999999999,0,194723.39999999997,15983.8,10943271.4,15637.599999999999,2010-12-23
11,10814912,2416,3585,0,124018,9575,10946066,9236,10804087.68,2503.4,3478.08,0,135971.4,9687.56,10946040.56,9241.92,10730664.8,1209,1665,0,90906.6,4690.6,10945630.4,4341.4,10851460.600000001,4488.799999999998,5998.5999999999985,0,207570.99999999997,16087.999999999998,10946419.2,15334.399999999998,2010-12-30
12,10809589,2137,3238,0,134229,9064,10949168,7997,10798206.72,2497.4,3371,0,145088.76,9363.72,10949163.88,9043.96,10718175.2,1190.8,1719.4,0,96354,4737,10948758,4362.799999999999,10848645.8,4887.399999999998,6008.599999999997,0,219583.8,15907.599999999993,10949615.8,17132.599999999995,2011-01-06
13,10805387,2055,2848,0,142448,7815,10952306,7061,10793118.12,2338.6,3160.8,0,153667.08,8743.12,10952284.6,8442.08,10708459.2,1247.2,1527.2,0,102229.4,4365.6,10951881.8,4267.8,10846288.2,4468.4,5540.2,0,234506.59999999998,15059.399999999996,10952752.2,14659,2011-01-13
14,10802156,2109,2706,0,148939,7531,10955418,7505,10788500.36,2256.96,2983.32,0,161679.04,8230.72,10955419.68,7942.08,10699334.4,952.8,1381.2,0,106796.6,3823.6,10954924.8,3561,10845961.6,4460,5350.5999999999985,0,247237.39999999997,14914.799999999996,10956043.6,14741.4,2011-01-20
15,10798698,1762,2612,0,155151,6914,10958463,6963,10784496.04,2079.84,2783.92,0,169202.96,7742.52,10958562.76,7546.48,10691585.2,788,1110.2,0,110189.4,3327.6000000000004,10958117.6,3193,10845406,4156.4,5408.4,0,259228,15145.799999999997,10959152.2,15020.599999999999,2011-01-27
16,10794088,1802,2477,0,162802,6926,10961714,6966,10781236.32,1790,2568.84,0,176113,7125.84,10961708.16,6925.28,10685759.2,701.8,879.8,0,113868.79999999999,2516.2,10961197.6,2377,10845273.2,3179.3999999999996,4688.4,0,269538.6,12930.599999999999,10962324,11922,2011-02-03
17,10789522,1694,2276,0,170730,6200,10964858,5750,10778535.72,1728.36,2258.88,0,182304.4,6342.28,10964827.36,6113.48,10679388.600000001,535,876,0,117012.4,2437.8,10964305,2260.2,10845499.2,3021.199999999999,4060.9999999999995,0,278861.6,11371.4,10965444,10997.8,2011-02-10
18,10787142,1439,2036,0,177516,5612,10967922,5754,10776407.92,1571.08,2073.32,0,187905.04,5881.16,10967957.36,5627.96,10671695.399999999,576.4,761.4,0,119761.8,2180.8,10967426.399999999,2016.6,10846038,3113.3999999999996,3825.3999999999987,0,288981.4,10692.799999999997,10968531.6,10393.8,2011-02-17
19,10786051,1325,1716,0,182353,4846,10971090,4612,10774896.08,1350,1900.2,0,192931.08,5336,10971077.36,5110.12,10665270,493,728,0,122317.4,1975.6,10970517,1995.6,10846596.8,2454.2,4025,0,299312.2,11136,10971696,10611.2,2011-02-24
20,10785347,1106,1603,0,186453,4454,10974232,3926,10773825.48,1294.52,1696.84,0,197387.24,4743.72,10974204.08,4568,10658968,453.20000000000005,561.4000000000001,0,124567,1711,10973602,1600,10847925.8,3003.3999999999996,3546,0,308684.8,9660.8,10974880.600000001,9382,2011-03-03
21,10785516,963,1437,0,190032,4233,10977402,3877,10773226.8,1134.84,1557.68,0,201440.48,4416.36,10977359.8,4353.72,10654045.2,413.00000000000006,579,0,126609.6,1572.2,10976794,1565.8000000000002,10848900.2,2357.3999999999987,3346.3999999999996,0,317613.2,9865.4,10977981,9871.199999999997,2011-03-10
22,10786023,875,1088,0,192933,3148,10980451,2983,10773107,1031.24,1367.44,0,204959.12,3846.16,10980464.8,3730.8,10649967.6,324.8,431,0,128555.2,1336.4,10979892.2,1267.8000000000002,10850383.8,2159.399999999999,2765.999999999999,0,325293.39999999997,8139.999999999998,10981159,8743.8,2011-03-17
23,10785829,855,1149,0,195325,2987,10983537,2765,10773162.04,1008.56,1333.32,0,208078.2,3605.52,10983582.12,3547.96,10646067.2,340.40000000000003,468.2,0,130065,1260,10983004.6,1187.4,10851925.399999999,2245.199999999999,2814.9999999999995,0,332089.2,7687.199999999997,10984271.399999999,7834.999999999998,2011-03-24
24,10784817,900,1062,0,198308,2974,10986725,2760,10773343.12,982.36,1265.24,0,211134.44,3516.12,10986725.16,3319.68,10641480.2,354.6,477,0,131720.2,1302,10986164,1260,10853683.600000001,2290.5999999999995,3185.3999999999996,0,339443.19999999995,8566.199999999997,10987403.2,7908.7999999999975,2011-03-31
25,10784297,867,1110,0,202262,2720,10989829,2888,10773558.44,973.96,1284.28,0,214058.4,3485.24,10989875.08,3399.88,10636402.4,297.20000000000005,407.79999999999995,0,132880.2,1112.8,10989236.6,1062.8,10855900.8,2519.199999999998,3367.399999999998,0,347208,8819.999999999996,10990536,8661.199999999997,2011-04-07
26,10782651,899,1043,0,206249,2968,10993026,2731,10773860.36,980.72,1245.04,0,216947.44,3400.24,10993033.56,3293.76,10633244.6,307.8,400,0,133661,1115.8000000000002,10992379.2,1067.8,10858266.4,2257.799999999999,2886.7999999999975,0,354842.19999999995,8042.799999999993,10993674,7635.399999999994,2011-04-14
27,10781957,947,1243,0,210953,3292,10996168,3071,10773822.28,1058.56,1334.08,0,219959.48,3657.52,10996174.4,3481.72,10630657.399999999,289.2,378.6,0,134689.4,1090.2,10995530.4,1031.2,10860255.8,2597.5999999999995,3150.599999999999,0,361024.39999999997,8682.999999999996,10996799.8,8476.599999999995,2011-04-21
28,10781199,876,1201,0,214917,3351,10999396,3175,10773571.56,1083.16,1439.8,0,223249.68,3962.28,10999344.2,3930.32,10627895.2,303.2,440.8,0,135914.6,1221.6,10998698.8,1185.8000000000002,10861933.6,2523.5999999999995,3714.399999999998,0,366726.6,9629.799999999996,10999962.399999999,9619.999999999996,2011-04-28
29,10779762,944,1260,0,218912,3322,11002511,3341,10773070.76,1155.12,1545.28,0,226724.24,4145.68,11002495.4,4110.44,10624877,325,520.8,0,137553.4,1353.4,11001879.6,1302.2,10863076.8,3164.9999999999995,3846.1999999999985,0,372769.19999999995,9815.199999999997,11003196.8,9908.399999999994,2011-05-05
30,10780166,1132,1386,0,223362,3683,11005685,3682,10772171.76,1358.92,1633.24,0,230470.52,4414,11005634.44,4338.24,10620989.4,373.40000000000003,560,0,139647.4,1395.2,11004970.6,1326.6,10863843.399999999,3652.5999999999985,3908.2,0,379047,10976.8,11006280.2,10646.2,2011-05-12
31,10779148,1033,1478,0,225957,3947,11008803,4068,10771199.76,1277.84,1742.24,0,234558.12,4789.44,11008777.96,4802.36,10616497.6,408.8,536.8,0,142075.6,1465.8,11008088.8,1342,10864648.4,3148.7999999999975,4195.599999999998,0,386288.19999999995,12114.399999999994,11009506.8,11994.79999999999,2011-05-19
32,10775689,1115,1454,0,231753,3883,11011978,3700,10770131.64,1336.32,1720.48,0,238709.52,4731.8,11011897.96,4544.44,10613023.4,378,537.2,0,144836.6,1466,11011173,1468.8,10864945.600000001,3344.9999999999986,4319.399999999997,0,393382.3999999999,11550.799999999992,11012703.8,10794.599999999993,2011-05-26
33,10773804,1093,1515,0,236776,4350,11015104,4089,10768911.08,1381.88,1788.68,0,242983.52,4952.48,11015065.16,4813.52,10609094.4,433.20000000000005,481.4,0,147601.40000000002,1377.4,11014351.4,1512,10865102.2,3639.399999999997,4755.999999999997,0,400208.19999999995,12648.999999999993,11015927.600000001,11975.399999999992,2011-06-02
34,10772513,1093,1598,0,241750,4411,11018191,3944,10767996.48,1300.32,1697.36,0,247219.56,4762.84,11018213.72,4549.48,10607082.2,421.6,553,0,150567,1385.6,11017635,1383,10865943.8,3059.7999999999984,3806.5999999999976,0,406698.79999999993,11056.199999999993,11019009.399999999,10183.599999999995,2011-06-09
35,10771480,1204,1513,0,245902,3924,11021330,4114,10767204.32,1290.68,1670.32,0,251190.28,4578.16,11021355.6,4413.56,10605836.8,381.20000000000005,585.2,0,152296.8,1558.2,11020757.6,1540.1999999999998,10867318.4,2483.5999999999995,3417.799999999998,0,411878.59999999986,9529.199999999993,11022141.6,8872.999999999993,2011-06-16
36,10769506,1105,1396,0,250800,4044,11024520,3782,10766372.76,1249.6,1661.96,0,255202.16,4646.92,11024486.48,4414.64,10602376.6,424,567.6,0,153864,1472,11023776.600000001,1457.1999999999998,10869228.2,3128.799999999998,3673.5999999999985,0,416575.39999999985,9720.199999999997,11025278.8,9264.999999999996,2011-06-23
37,10769183,972,1345,0,255179,3639,11027594,3555,10765965.72,1150.8,1524.08,0,258978.72,4290.6,11027619.32,4202.16,10597110.399999999,464,568.2,0,155228.8,1583.6,11026854.2,1556.1999999999998,10870727.4,2633.199999999998,3556.399999999996,0,424940.9999999999,10323.599999999991,11028491.2,9472.799999999992,2011-06-30
38,10769195,1000,1288,0,258585,3864,11030788,3787,10765604.08,1160.28,1512.64,0,262489.48,4162.92,11030766.48,4045.96,10591770.2,384.4,573.6,0,156717,1599.8000000000002,11030058,1502.2,10872229.2,2882.199999999996,3742.399999999995,0,432925.19999999984,9722.599999999988,11031701.399999999,9745.599999999988,2011-07-07
39,10769796,894,1229,0,261151,3195,11033961,3132,10765780.64,997.52,1333.8,0,265800.4,3805.68,11033912.36,3777.32,10588107.2,327.6,419.8,0,158167,1182.6,11033180.2,1085,10874112.2,2194.1999999999985,3115.799999999996,0,441013.3999999998,8941.399999999989,11034882.2,9308.799999999988,2011-07-14
40,10770390,806,992,0,263807,2918,11037065,2933,10766354.88,896.44,1178.4,0,268623.4,3338.92,11037053.12,3228.8,10586786.2,279.8,375.79999999999995,0,159559.40000000002,1105.6,11036347.4,1043.8,10875930.6,2064.999999999998,2520.7999999999984,0,446639.59999999986,6865.999999999995,11037962.399999999,6590.599999999997,2011-07-21
41,10770829,761,1033,0,266295,2592,11040195,2695,10766928.64,943.92,1171.36,0,271158.68,3215.76,11040202.6,3044.24,10584446.8,285.4,321.8,0,160946,913.2,11039426.8,896.6000000000001,10877653.2,2604.3999999999987,3192.7999999999975,0,451749.7999999998,8306.199999999992,11041110.4,7439.199999999993,2011-07-28
42,10771872,847,1027,0,268766,2892,11043350,2684,10767429.16,956.72,1214.04,0,273747.16,3314.56,11043347.08,3216.4,10582089.600000001,245.4,325,0,162494.2,933.4000000000001,11042631,983,10878720.2,2857.799999999998,3443.5999999999985,0,456951.7999999998,9197.599999999995,11044176.6,8721.199999999995,2011-08-04
43,10772663,723,941,0,271105,2779,11046505,2689,10767956.52,936.76,1179.08,0,276410.68,3322.68,11046483.04,3239.68,10579190.6,245.20000000000002,329.6,0,164784.6,885.8,11045712,800.4000000000001,10879535.600000001,2800.599999999998,3667.9999999999977,0,462805.99999999977,10448.599999999995,11047388.2,9871.799999999992,2011-08-11
44,10773485,813,1020,0,273337,2803,11049647,2644,10768459.56,946.24,1246.8,0,279002.24,3370.04,11049654.84,3248.48,10576622,297.8,295.8,0,166826.8,871.8000000000001,11048816,790.4,10880617.8,2706.3999999999983,3815.999999999998,0,468577.99999999977,10388.599999999995,11050668.4,10292.999999999996,2011-08-18
45,10773813,843,1034,0,275930,2863,11052774,2983,10768510.6,1089.8,1383.44,0,281810.8,3655.96,11052794.64,3596.68,10573489.6,302.2,446.4,0,169195.40000000002,1193.6,11051982.8,1203.4,10881015,3360.7999999999975,4467.199999999998,0,474520.3999999998,11328.399999999994,11053923,10990.599999999999,2011-08-25
46,10774624,969,1227,0,278292,3115,11055938,3136,10768186.28,1286.92,1498.64,0,284990.92,4012.44,11055962.76,3813.04,10569468.2,344,415.8,0,172135,1136,11055090.8,1132.6,10882393.8,3885.799999999997,4872.999999999996,0,481159.59999999974,12969.799999999992,11057002.4,12075.799999999996,2011-09-01
47,10770712,1107,1322,0,283827,3586,11059138,3574,10767151.52,1441.96,1775.6,0,288761.92,4777.76,11059131,4664.24,10565527.4,326.2,509,0,173951.6,1377.4,11058309,1250.4,10883686.399999999,4873.4,5900.199999999999,0,488292.3999999997,15772.199999999995,11060195.4,15282.799999999992,2011-09-08
48,10769446,1185,1493,0,290856,3710,11062227,3897,10765464.36,1569.84,1994.6,0,293256.04,5452.8,11062284.84,5265.12,10561752.8,393.79999999999995,548.2,0,176124.6,1493.2,11061382.2,1531.8,10884382.6,4491.399999999999,5785.199999999999,0,495809.1999999997,17432.8,11063329.4,16329.399999999998,2011-09-15
49,10771237,1593,2031,0,291983,5044,11065455,4225,10763105.76,1864.64,2233.24,0,298238.92,5970.68,11065442.56,5722.24,10558506.6,490.6,550.6,0,178605.6,1497.6000000000001,11064479.399999999,1543.6,10884884.8,4914.4,5387.5999999999995,0,501839.1999999997,14545.599999999999,11066472.6,13991.599999999999,2011-09-22
50,10770098,1843,2314,0,293889,5836,11068547,5914,10759956.8,2051.48,2568.4,0,304006.6,6866.52,11068583.28,6713.88,10547607.4,615.8000000000001,634.8,0,181230.2,1709.4,11067657.399999999,1647.8000000000002,10885396.8,5004.999999999999,6153.799999999999,0,509552.19999999966,16778,11069631.2,16078.8,2011-09-29
51,10769137,2263,2675,0,298348,7306,11071686,7340,10755647.88,2338.68,2951.8,0,310787.16,7946.52,11071725.52,7706,10533212.6,694.4,852,0,183906.6,2271.2,11070854.6,2168.4,10885544.4,5736.999999999998,6837.4,0,525230.3999999997,18153.199999999997,11072755.8,18123.199999999997,2011-10-06
52,10766163,2141,2675,0,303805,7551,11074851,7821,10750720.44,2590.76,3239.08,0,318325.2,8630.4,11074875.48,8300.24,10515802.2,618.4000000000001,949.6000000000001,0,186856.2,2522.8,11074012.8,2415.6,10885579.2,7092.4,8246.999999999996,0,544003.3999999997,22007.599999999995,11075881.399999999,21400.6,2011-10-13
53,10761436,2526,3175,0,311158,8450,11078054,7980,10744289.84,3011.36,3704.16,0,327033.96,9998.4,11078039.32,9784.16,10494512,702.4,845.8000000000001,0,190053.6,2348.4,11077215.2,2407,10885719.2,8981.599999999999,10237.8,0,566749.7999999997,26809.199999999997,11079081.399999999,27104.199999999997,2011-10-20
54,10756443,2269,3082,0,318856,8462,11081261,8166,10737167.04,3273.52,3997.36,0,336754.36,10862.04,11081192.28,10501.32,10475032.2,734.4000000000001,964.6000000000001,0,193494.6,2576.4,11080316.2,2422.8,10884673.6,9182.999999999998,10756.399999999998,0,589766.5999999996,30171.799999999996,11082280.399999999,28559.599999999995,2011-10-27
55,10752876,2369,3117,0,326311,8538,11084347,7872,10730186.16,3035.16,4093.2,0,347054.52,11266.92,11084369.04,10939.64,10454113.399999999,729.8000000000001,948,0,197705.8,2822.0000000000005,11083438.2,2703,10883966.2,8396.599999999999,10919.199999999999,0,613490.5999999996,31066.199999999997,11085489.600000001,29858.399999999998,2011-11-03
56,10749196,2495,2871,0,332397,7956,11087478,7743,10722563.84,3187.24,4212.8,0,357577.84,11535.52,11087541.72,11189.32,10431657.6,623.6,797,0,201541,2398.8,11086593.8,2342.8,10883246.8,7884.599999999995,11449.199999999993,0,637983.9999999998,31073.79999999999,11088676.2,30516.599999999988,2011-11-10
57,10742015,2608,3507,0,339178,9447,11090705,8885,10715152,3226,4231,0,368094.24,11454.64,11090703.24,10982.84,10407910.2,461,734.8000000000001,0,205388.8,2045.4,11089759.600000001,2023.6000000000001,10883120.4,9639.599999999991,11733.999999999993,0,663340.1999999997,30338.599999999977,11091855.399999999,30462.399999999987,2011-11-17
58,10733763,2099,3022,0,353351,8869,11093854,7733,10708448.6,2898.32,3919.36,0,378581.44,11120.4,11093847.72,10826.52,10387089.8,408.6,574.4000000000001,0,208515,1587.8000000000002,11092899.2,1672.2000000000003,10883048,8914.399999999996,11065.999999999993,0,689813.5999999999,31921.599999999984,11094975.8,33461.19999999998,2011-11-24
59,10721853,1865,2785,0,366222,7516,11097025,7228,10702551.2,2754.92,3725.64,0,387975.8,10171.28,11097007.56,9843.2,10373259.4,432.2,561.2,0,211767,1518.2,11095960.2,1398.4,10882835.2,7434.599999999998,10171.8,0,710242.7999999998,28659.199999999997,11098134.8,27613.799999999996,2011-12-01
60,10719638,1955,2361,0,378039,6424,11100204,6013,10697580.4,2521.84,3340.08,0,396719.64,9355.92,11100161.96,9191.92,10360955.8,334.8,509.6,0,215061.8,1451.6000000000001,11099222.8,1501.2,10883208,7414.5999999999985,8507.599999999999,0,727842.3999999999,24966.399999999998,11101238.8,24249.6,2011-12-08
61,10713813,1510,2183,0,382802,6591,11103364,6310,10693660.72,2197,2978.48,0,404521.08,8462.4,11103357.28,8269.6,10354022.6,374.6,458.6,0,217954.40000000002,1288.6,11102486.8,1266.8,10883619.8,5234.999999999997,7312.199999999995,0,741506.3999999999,21904.59999999999,11104461.4,21362.199999999993,2011-12-15
62,10707090,1429,2056,0,393791,5328,11106531,5385,10690665.88,1961.24,2614.72,0,411300.72,7440.56,11106542.56,7051.92,10350506.2,317.6,395.8,0,220812.6,1197.8,11105554.2,1179.4,10884159.8,5204.399999999996,6340.999999999996,0,750183.7999999999,17511.19999999999,11107625.6,15758.399999999989,2011-12-22
63,10701799,1515,1883,0,402658,5304,11109787,4853,10688163.04,1829.2,2424.24,0,417319.16,6882.96,11109735.64,6631.96,10348752,290.6,355.4,0,223715,1030.6,11108809.4,982,10884319,4447.399999999995,5709.9999999999945,0,755987.7999999999,16822.599999999984,11110820.2,17430.999999999985,2011-12-29
64,10703762,1410,1800,0,407680,5120,11112911,5134,10686319.32,1653,2200.12,0,422702.56,6230.88,11112875,6130.72,10346791,373,485.00000000000006,0,226355.40000000002,1245.8000000000002,11111911.6,1217.4,10885115,4593.199999999994,6437.999999999993,0,761066.3999999999,17257.599999999984,11113979.399999999,16728.199999999983,2012-01-05
65,10706548,1296,1754,0,408281,5127,11116011,4854,10684949.68,1493.12,2064.8,0,427567.04,5808.8,11116074.64,5690.52,10345297,305,456.6,0,228665.2,1285.2,11115117,1153.8000000000002,10886379.6,4481.799999999992,6013.399999999992,0,766071.6,17003.799999999977,11117127.4,16654.199999999983,2012-01-12
66,10709700,1340,1659,0,408615,5115,11119188,4691,10684217.6,1395.32,1808.04,0,431815.8,5085,11119236.76,4907.56,10344818.2,245.2,389,0,230307,1120.4,11118247,1034.6,10887806.399999999,4111.199999999993,5294.799999999992,0,770359.3999999999,14449.799999999977,11120335,14196.999999999978,2012-01-19
67,10712658,1099,1349,0,408750,4046,11122349,3813,10683939.72,1218.24,1678.2,0,435544.24,4700.36,11122380.4,4627.68,10345072.4,326,406.6,0,231774.2,1078.2,11121432.2,1042.2,10889145.2,3200.5999999999954,5198.59999999999,0,773722,14242.199999999975,11123489.600000001,14584.399999999976,2012-01-26
68,10715835,953,1405,0,408866,3943,11125419,3536,10683900.84,1105.64,1578.6,0,438948.96,4428.04,11125534.04,4284.84,10345679.6,268.6,406.4,0,233057.40000000002,1223,11124533.600000001,1225,10891060,3154.599999999996,4600.799999999992,0,776364.7999999999,12879.39999999998,11126728.6,13050.199999999977,2012-02-02
69,10718829,706,1038,0,408890,3055,11128573,3047,10684637.48,945.2,1318.92,0,441801.04,3710.72,11128702.64,3646.64,10346439.2,291.6,387.79999999999995,0,234382.8,1047.8,11127668.2,988.2,10892933.2,2750.5999999999967,3398.199999999996,0,779024,9399.19999999999,11130006,9632.999999999989,2012-02-09
70,10722116,663,970,0,408959,2782,11131742,2634,10685981.2,785.76,1108.8,0,444039.6,3146.48,11131915.36,3092,10347632.6,240,317.6,0,235541.40000000002,950.8000000000001,11130964.4,906.4000000000001,10895039.2,1780.1999999999996,2860.1999999999975,0,781189,8368.79999999999,11133180.6,8231.19999999999,2012-02-16
71,10725642,643,869,0,408832,2559,11134968,2220,10687395,802.4,1046.2,0,445843.44,2859.6,11135087.04,2733.6,10348241.8,195.60000000000002,289.6,0,236423.60000000003,823.4000000000001,11134096.2,791.2,10897651.2,1871.7999999999993,2433.9999999999995,0,783698.6,6676.199999999999,11136400.2,6327.6,2012-02-23
72,10729318,578,793,0,408435,2284,11138179,2208,10689195.76,690.56,915.56,0,447463.56,2626.4,11138265.44,2520.12,10349768.8,157.4,282.8,0,237100,763.8000000000001,11137336,763.8,10900348.8,1538.1999999999998,2182.7999999999993,0,785714.6,6112.799999999998,11139711.600000001,5738.799999999999,2012-03-01
73,10730079,497,735,0,408222,2126,11141311,1979,10691155.92,644.08,849.04,0,448767.24,2371.52,11141416.28,2271.56,10351498,164.4,237.8,0,237608.60000000003,656.4000000000001,11140495.2,560.6,10903081,1755.5999999999995,2070.7999999999997,0,787288.4,5559.999999999999,11142930.6,5317.399999999998,2012-03-08
74,10730031,430,651,0,411722,1860,11144561,1744,10693361.96,587.48,778.4,0,449895.72,2190.16,11144623.56,2093,10354353.600000001,144.4,192.8,0,237912.80000000002,575.6,11143678.600000001,586.8000000000001,10906100.8,1432.4,1864.1999999999998,0,788495.4,5376.199999999999,11146133.6,5102.199999999999,2012-03-15
75,10730282,402,492,0,415009,1395,11147766,1319,10695684.2,551,737,0,450835.96,2039.8,11147808.16,2002.08,10357609.8,147.4,193.4,0,238077.59999999998,518.8,11146865.6,538.2,10909072.8,1217.3999999999996,1623.9999999999995,0,788670.8,4555.199999999999,11149338,4698,2012-03-22
76,10731092,418,622,0,417885,1597,11151013,1478,10698167,525.24,685.28,0,451653.52,1914.72,11151031.04,1828.2,10361043.4,148.8,221.2,0,238268.59999999998,560.2,11150102.6,542.6,10912268.4,1161.3999999999996,1377.3999999999999,0,788541.3999999999,3957.5999999999995,11152500.2,3757.2,2012-03-29
77,10732430,425,512,0,419934,1518,11154220,1547,10700763.8,485.92,625.44,0,452320.96,1755.32,11154196.12,1719.48,10364797.399999999,168.4,202.2,0,238366.40000000002,554.2,11153294.8,534.4,10915485.2,1104.7999999999995,1386.7999999999995,0,788215.8,3836.999999999998,11155622,3961.999999999999,2012-04-05
78,10734004,404,540,0,421614,1469,11157367,1367,10703416.88,456.68,621.12,0,452877.72,1705.12,11157372.4,1656.68,10368532.6,130.4,219.60000000000002,0,238441.2,624.6,11156460.8,592,10918607.6,971.8,1428.5999999999995,0,787686.8,3796.999999999998,11158775.8,3575.3999999999987,2012-04-12
79,10735001,428,549,0,423529,1405,11160445,1298,10705993.32,500.84,625.4,0,453430.16,1724.2,11160549.72,1658.68,10372162.2,138.39999999999998,174.2,0,238571.80000000002,486.4,11159630.6,483.4,10921693.6,1201.6,1448.2,0,787105.8,3833.399999999999,11162052.8,3900.5999999999985,2012-04-19
80,10736641,432,534,0,425581,1524,11163701,1490,10708646.36,471.84,617.64,0,454008.16,1703,11163744,1620.92,10375764.4,145.8,167,0,238889,454.2,11162800.6,450.80000000000007,10924504,1128.1999999999996,1431.1999999999996,0,786703,3888.9999999999986,11165352,3637.9999999999986,2012-04-26
81,10738650,409,542,0,426974,1565,11166817,1512,10711273.04,458.24,621.36,0,454571.36,1716.76,11166924,1661.48,10379051,115.80000000000001,153.6,0,239281.40000000002,477.8,11165907,488,10927356.2,1088.9999999999998,1602.1999999999994,0,786542,4375.199999999999,11168501.8,4013.7999999999993,2012-05-03
82,10740481,378,542,0,428142,1469,11170013,1305,10713898.64,469.52,624.72,0,455103.72,1695,11170096.6,1675.36,10382568.6,117.6,159,0,239747.6,443,11168987.2,433.4,10929986.4,1073.1999999999998,1526.3999999999999,0,786283,4038.5999999999995,11171724.6,3903.9999999999986,2012-05-10
83,10741997,487,576,0,429631,1472,11173212,1599,10716298,573.52,694.28,0,455719.6,1830.2,11173285.4,1783,10386009.8,141.2,177.4,0,240362.2,455.40000000000003,11172179.399999999,448.8,10932573.8,1428.5999999999995,1730.5999999999997,0,785841.7999999999,4547.2,11174872.2,4336.2,2012-05-17
84,10743188,483,625,0,431257,1744,11176501,1680,10718480.44,597.56,801.2,0,456606.36,2166.6,11176485.56,2095.24,10389400.2,116,161.4,0,241045.2,502.6,11175486.8,505,10934768,1604.1999999999991,2042.1999999999991,0,785585.2,5570.199999999998,11178036.4,5192.999999999998,2012-05-24
85,10744576,459,539,0,433192,1532,11179569,1412,10720701.32,568.48,777.4,0,457625.76,2149.36,11179672.96,2035.08,10392836.4,92,131.8,0,242051.6,388.8,11178639,394,10936995.600000001,1657.9999999999993,2099.7999999999993,0,785501.2,5664.199999999997,11181156.8,5506.999999999998,2012-05-31
86,10746580,442,643,0,434984,1607,11182728,1469,10722916.96,602.56,778.44,0,458585.4,2118.8,11182883.36,2040.28,10396310,109.60000000000001,135.6,0,243030,344.8,11181844.2,337.2,10939106.6,1910.9999999999977,2208.9999999999986,0,785295.8,6173.999999999996,11184416.4,6174.399999999996,2012-06-07
87,10748620,450,669,0,436160,1936,11185940,1843,10725168.76,604.76,770.12,0,459525.72,2106.88,11186069.36,2058.76,10400129.399999999,93.4,116,0,243924.2,345.8,11185000.8,372.6,10941436.8,1904.1999999999975,2360.599999999997,0,784797.5999999999,6246.799999999992,11187645,6206.799999999994,2012-06-14
88,10750178,377,541,0,437554,1538,11189128,1400,10727504.08,539.64,732.48,0,460467.56,2068.2,11189243.76,2005.08,10404137.8,99.60000000000001,126,0,244773.6,347.40000000000003,11188229.600000001,310.4,10943689.399999999,1648.9999999999989,2188.5999999999976,0,784142.7999999999,6253.999999999993,11190885.2,6409.799999999994,2012-06-21
89,10751224,410,481,0,439116,1380,11192261,1292,10729931.08,535.68,688.84,0,461262.04,1915.28,11192417.64,1914.16,10408192,111.4,147.8,0,245668.6,384,11191418.600000001,407.20000000000005,10945629.6,1654.199999999999,2238.599999999998,0,783371.5999999999,5953.399999999994,11194054,6387.9999999999945,2012-06-28
90,10751911,359,462,0,441504,1303,11195419,1247,10732483.52,488.24,641.2,0,461957.32,1811.44,11195570.28,1788.48,10412445,94,129.4,0,246927,409.6,11194594.600000001,383.4,10947319.8,1369.599999999999,1886.1999999999982,0,782316,5503.399999999995,11197175.6,5608.199999999995,2012-07-05
91,10752660,341,468,0,444256,1341,11198648,1273,10735298.36,412.08,583.76,0,462486.6,1646.36,11198780.8,1590.32,10416850.8,81,113.4,0,248271.6,340.4,11197826.4,328.20000000000005,10949318,983.8,1554.7999999999997,0,781124,4330.399999999999,11200313.4,4341.5999999999985,2012-07-12
92,10753933,350,464,0,446591,1314,11201862,1339,10738210.8,403.64,522.92,0,462841.4,1472.16,11201978.76,1448.4,10421153,87.60000000000001,107.2,0,249337,308.20000000000005,11201111.4,324.6,10951568,1116.799999999999,1304.7999999999993,0,780016.2,3610.199999999999,11203493,3524.999999999999,2012-07-19
93,10756455,357,420,0,447685,1270,11205017,1184,10741118.84,427.32,520.68,0,463093.52,1422.16,11205160.36,1367.08,10425623.8,64.4,105.20000000000002,0,250403.80000000002,279.6,11204271.399999999,279.00000000000006,10953502.2,1284.7999999999984,1423.599999999999,0,778858.6,3865.999999999997,11206739.8,3700.9999999999973,2012-07-26
94,10760092,322,388,0,447403,1137,11208203,1102,10744030.72,425.16,540.12,0,463366.96,1469.8,11208362.96,1439.56,10430053.2,77.4,89.00000000000001,0,251691.4,239.00000000000003,11207508.4,209,10955361,1386.599999999999,1592.599999999999,0,777606,4238.599999999996,11209931.2,4345.199999999995,2012-08-02
95,10763911,251,375,0,446948,1017,11211365,947,10746892.96,422.44,537.12,0,463689.2,1495.56,11211541.72,1492.68,10434503.2,65.2,103.4,0,253167.8,282.40000000000003,11210758,263.8,10957185,1284.9999999999993,1616.7999999999993,0,776405,4545.5999999999985,11213096.4,4464.999999999998,2012-08-09
96,10767598,339,426,0,446387,1101,11214443,947,10749649.36,477.4,576.08,0,464067.48,1593.76,11214770.32,1549.56,10438830.2,84.60000000000001,107.4,0,254661.8,284.8,11213974,248.8,10958720,1386.599999999999,1700.7999999999984,0,775248.5999999999,4746.999999999995,11216268.6,4641.199999999995,2012-08-16
97,10771151,358,452,0,445849,1188,11217690,1142,10752353.04,477.32,605.08,0,464514.6,1668.08,11217950.04,1644.64,10442932,75.4,111.4,0,256216.2,314.8,11217180.6,299.8,10960249.4,1201.3999999999992,1602.599999999999,0,774311,4464.399999999996,11219436.2,4185.999999999996,2012-08-23
98,10774785,386,484,0,445407,1372,11220883,1381,10754904.6,526.24,665.12,0,465058.2,1785.08,11221154.16,1738.68,10447204.8,62.2,99.2,0,257948.6,284.6,11220379.2,261.2,10961789,1436.7999999999997,1757.6,0,773418.5999999999,4673.2,11222711.8,4203.5999999999995,2012-08-30
99,10778335,466,555,0,445081,1514,11224146,1329,10757193.16,606.2,746.36,0,465810.88,1999.76,11224356.6,1942.76,10451397.8,91.4,105.60000000000001,0,259550.2,274,11223496,237.60000000000002,10964151.2,1707.1999999999998,1943.599999999999,0,772388,5380.7999999999975,11225872,5815.799999999996,2012-09-06
100,10781783,516,689,0,444817,1823,11227269,1888,10759244.08,672.48,831.36,0,466819.8,2284.2,11227567.72,2192.88,10455630.8,92.60000000000001,116.00000000000001,0,261021.6,327.20000000000005,11226818.2,316.6,10966200.2,1735.5999999999995,2077.6,0,771483.3999999999,5980.999999999998,11229027.8,5540.5999999999985,2012-09-13
101,10785389,564,628,0,444500,1884,11230513,1746,10761025.76,775.08,911.48,0,468049.2,2482.32,11230761.52,2403.72,10459625,89.4,125.2,0,262300.2,335.4,11229982.600000001,302.20000000000005,10967944,1967.6,2210.2,0,770598.2,6260.5999999999985,11232150.6,5903,2012-09-20
102,10788941,651,718,0,444252,1874,11233725,1827,10762609.2,854.36,1019,0,469495.56,2746.68,11233978.12,2745.04,10463525.6,140.6,133.8,0,263619.4,349.6,11233191.2,317.8,10969878.8,2224.7999999999997,2531.3999999999996,0,769752.3999999999,6515.6,11235303.6,6810.799999999999,2012-09-27
103,10792491,769,856,0,443803,2254,11236941,2144,10763951.08,882.4,1118.12,0,471250.8,3060,11237202.4,2981.84,10467376,161.4,217.60000000000002,0,264936,549.2,11236296.8,499.40000000000003,10971509.4,2153.5999999999995,2798.8,0,769134.5999999999,7885.5999999999995,11238540.2,7912.199999999999,2012-10-04
104,10796000,776,978,0,443455,2792,11240220,2373,10764913.76,938.76,1233.48,0,473294.6,3356.92,11240380.6,3301.4,10470939,200,212.2,0,266271.80000000005,598.8,11239474.8,490.8,10972968.8,2384.799999999999,3266.999999999999,0,768665.5999999999,9014.599999999999,11241792.8,8762.199999999997,2012-10-11
105,10799437,737,1074,0,443275,2896,11243487,2571,10765691.8,1019.12,1337,0,475560.84,3577.88,11243608.76,3526.56,10474498,154,252.8,0,266998.6,682.2,11242777.8,663.4000000000001,10975275.8,2794.7999999999993,3851.999999999998,0,768280.5999999999,10158.399999999998,11245049,10167.599999999995,2012-10-18
106,10794915,756,999,0,444380,2845,11246657,2476,10766367.16,1053.36,1350.72,0,478041.32,3713.88,11246812.56,3634.28,10477627.6,191.2,256.8,0,267796.80000000005,687.6,11245926.4,677.6,10977659,2975.999999999998,3968.799999999998,0,768089.3999999999,10701.399999999994,11248202.4,10594.799999999996,2012-10-25
107,10789574,889,1130,0,453467,3364,11249775,3096,10766906.32,1124.12,1399,0,480597.24,3825.84,11250026.68,3639.6,10480429,202.60000000000002,316.2,0,268760.2,816.2,11249105.2,843.4000000000001,10979677.2,2819.2,3417.5999999999995,0,768294.2,9662.799999999997,11251387.4,9468.399999999998,2012-11-01
108,10784710,875,1163,0,461853,2846,11253020,2682,10767425.32,1146,1416.24,0,483262.76,3914.16,11253250.32,3794.24,10483033.2,311.40000000000003,338.6,0,270059,946.2,11252324.8,873.0000000000001,10981421.8,3009.999999999999,3730.1999999999994,0,768524.7999999999,9804.599999999999,11254565.2,9971.399999999998,2012-11-08
109,10776998,764,1101,0,471334,3302,11256228,2722,10768047.16,1023.6,1410.56,0,485987,3951.84,11256468.32,3762.4,10484686.4,266.40000000000003,330.20000000000005,0,271582.4,944.2,11255546.6,963.8000000000001,10982999.8,2615.199999999999,3974.399999999998,0,770195.2,10699.999999999996,11257795.2,10335.399999999996,2012-11-15
110,10770099,819,1089,0,481737,2879,11259420,3077,10768807.52,1042.28,1341.04,0,488500.88,3688.32,11259691.72,3586.08,10486903.2,251.00000000000003,296.40000000000003,0,273218.2,883.4000000000001,11258745,827.2,10984378,2675.999999999998,3291.399999999998,0,771561.3999999999,9008.399999999994,11260978.8,9017.799999999994,2012-11-22
111,10762345,705,942,0,492345,2733,11262688,2484,10769702.6,976.8,1308.88,0,490923.68,3640.88,11262911.96,3506.56,10489426.2,175,296.8,0,275030.80000000005,808.2,11261937.8,695.2,10985625.2,2673.7999999999984,3319.799999999997,0,772459.7999999999,9172.599999999993,11264183.8,8311.399999999994,2012-11-29
112,10763257,771,914,0,499701,2626,11265934,2544,10770659.12,982.68,1253.4,0,493223.08,3491.72,11266118.28,3420.36,10492395,186.20000000000002,257.6,0,277343,664,11265134.8,664.2,10986352.2,3037.999999999999,3564.9999999999973,0,772826.3999999999,9945.599999999991,11267376.399999999,9453.599999999993,2012-12-06
113,10764373,702,943,0,501561,2718,11269102,2424,10772181.32,800.6,1092.8,0,495256,3133.64,11269330.72,3011.2,10495716.4,142.60000000000002,218.8,0,279444.4,664,11268271.6,642.4000000000001,10987674.399999999,2061.599999999999,3072.1999999999985,0,772974,8984.799999999996,11270606.8,9270.999999999996,2012-12-13
114,10765562,606,837,0,503516,2445,11272438,2302,10773793.68,749.56,1027.96,0,496973.32,2900.92,11272544.52,2820.68,10499361.8,113.4,166,0,281667.2,480.2,11271442.6,486.40000000000003,10988837.6,2350.9999999999995,3013.999999999998,0,772748.2,8258.199999999993,11273869.8,8607.399999999994,2012-12-20
115,10766980,536,855,0,505437,2253,11275560,2261,10775732.8,695.08,924.08,0,498418,2607.68,11275769.96,2577.6,10502936.2,128,145.8,0,283355.4,422,11274533,403.4,10990241.4,2185.799999999999,2651.999999999999,0,772351.2,7808.799999999996,11277154.2,7794.999999999996,2012-12-27
116,10768144,597,796,0,507147,2205,11278859,2207,10777810.72,660.76,897.84,0,499609.48,2428.08,11278978.8,2400.08,10506412.8,105.20000000000002,144.8,0,285047,419.8,11277723.399999999,414,10991945.600000001,1687.1999999999996,2402.3999999999996,0,772113.3999999999,6880.199999999999,11280363,7047.4,2013-01-03
117,10769848,470,623,0,508907,1829,11282067,1736,10780286.8,585.68,751.12,0,500583.24,2106.64,11282206.84,2025.2,10510220,95,140,0,286404.6,398.4,11280947.2,374,10994219.6,1810.7999999999986,2003.3999999999994,0,771754.7999999999,5444.399999999999,11283593,5272.5999999999985,2013-01-10
118,10771549,501,581,0,510542,1613,11285292,1690,10782837.08,558.32,696.32,0,501330.76,1961.56,11285422.48,1899.12,10514210.600000001,95.2,135,0,287094,383,11284188,360.6,10996945.399999999,1552.3999999999983,1858.1999999999985,0,771040.3999999999,5364.199999999995,11286834.2,5520.7999999999965,2013-01-17
119,10773377,415,602,0,512096,1582,11288559,1555,10785509.28,507.08,671.68,0,501955.08,1878.2,11288643.12,1861.48,10518253.6,79.60000000000001,119.2,0,287783,332.20000000000005,11287429.399999999,326,10999483.2,1454.9999999999982,1635.7999999999988,0,770176.3999999999,4791.799999999996,11289959.399999999,4622.399999999996,2013-01-24
120,10776025,397,558,0,513199,1560,11291825,1423,10788326.52,439.44,635.96,0,502471.24,1753.8,11291873.16,1713.56,10522375.6,76.4,87.4,0,288535.6,256.6,11290715.4,236.6,11001859,1096.1999999999994,1606.199999999999,0,769355,4382.599999999997,11293116.399999999,4050.5999999999967,2013-01-31
121,10778462,371,503,0,513890,1436,11295087,1373,10791320.16,394.16,554.28,0,502837.8,1565.56,11295106.4,1481.88,10526755,63.6,87.6,0,289311.8,247.6,11294006.6,226.60000000000002,11004558.8,986.9999999999991,1429.1999999999985,0,768280,4210.599999999997,11296275.4,3823.9999999999964,2013-02-07
122,10780446,319,447,0,514898,1265,11298265,1250,10794462.36,375.6,493.2,0,503015.72,1394.92,11298346.88,1376,10531394.8,63.8,88.80000000000001,0,289805.8,233.8,11297171.4,268,11007373.600000001,952.9999999999993,1147.3999999999987,0,767076.2,3294.7999999999965,11299544.2,3312.5999999999967,2013-02-14
123,10782620,279,371,0,516046,1104,11301501,1081,10797762.24,325.36,437.44,0,503038.72,1243.2,11301563.76,1187.28,10535897.2,42.8,72.2,0,290172.8,215,11300367.2,235.2,11010332.8,778.5999999999992,1098.7999999999993,0,765734.3999999999,3099.7999999999984,11302763,2980.399999999998,2013-02-21
124,10785088,253,341,0,516979,1084,11304672,955,10801183.4,294.24,412.2,0,502932.72,1143.76,11304822.56,1104.48,10540513.399999999,50.2,65.80000000000001,0,290422.80000000005,167.8,11303683.8,164.4,11013461,709.3999999999997,1002.7999999999992,0,764320,2773.199999999998,11306003,2646.999999999998,2013-02-28
125,10787389,231,299,0,517784,839,11307937,841,10804705.12,287.2,360.24,0,502726.6,1007.28,11308079.16,978.2,10545208.8,40.4,60.400000000000006,0,290474.4,164.6,11306841.8,150.60000000000002,11016751.4,700.1999999999996,929.7999999999995,0,762946.3999999999,2590.999999999998,11309254,2619.199999999998,2013-03-07
126,10790205,241,295,0,518415,762,11311244,765,10808283.08,254.36,345.04,0,502435.32,965.52,11311317.8,932.68,10549774.399999999,38.2,56.8,0,290484.8,156.2,11310151.8,140.4,11019908.8,537.3999999999999,847.7999999999997,0,761536.6,2304.5999999999985,11312440.8,2176.799999999999,2013-03-14
127,10792802,205,273,0,519032,748,11314398,750,10811853.48,253.44,333.04,0,502092.68,917.76,11314532.64,880.08,10554480,47.400000000000006,72,0,290484.4,164.8,11313433.2,141.4,11023066.2,639.1999999999998,808.1999999999997,0,760128,2163.7999999999993,11315639.2,2015.3999999999994,2013-03-21
128,10795486,227,299,0,519630,761,11317656,711,10815436.04,255.64,336.96,0,501741.04,921.32,11317769.68,905.52,10559172.4,48.2,63.2,0,290592.4,170.60000000000002,11316639,169.00000000000003,11026205,614.9999999999998,844.9999999999995,0,758634.7999999999,2289.999999999999,11318873.6,2269.9999999999986,2013-03-28
129,10797871,280,367,0,520219,942,11320905,985,10818994,260.08,347.88,0,501408.32,953.28,11321010.28,934.56,10563945.600000001,42.800000000000004,68.80000000000001,0,290858,180,11319846,178,11029036,601.1999999999998,841.8,0,757168,2338.7999999999993,11322046.8,2399.599999999999,2013-04-04
130,10800139,222,307,0,521008,887,11324083,854,10822527.36,262.4,349,0,501085.92,945.64,11324224.68,936.88,10568581.2,49.2,49,0,291138.8,162.20000000000002,11322984,153,11032013.399999999,614.8,752.9999999999999,0,755693.3999999999,2053.7999999999997,11325269.600000001,2210,2013-04-11
131,10802770,233,295,0,521870,881,11327316,818,10826095.52,253.92,339.08,0,500758.08,937.4,11327446.6,898.92,10573318.4,35.6,56.400000000000006,0,291382.4,169.4,11326251.6,174.60000000000002,11034961.399999999,526.7999999999998,677.8,0,754240.6,1933.7999999999995,11328465.600000001,1886.3999999999996,2013-04-18
132,10806126,187,271,0,522172,786,11330511,799,10829637.6,276.88,344.96,0,500423.84,936.6,11330683.28,906.08,10577967,36.800000000000004,50.8,0,291611.2,130.8,11329459.2,114.20000000000002,11037994.8,660.3999999999997,742.5999999999999,0,752752.2,1992.1999999999998,11331759.8,1939.3999999999996,2013-04-25
133,10809724,277,303,0,521991,801,11333755,809,10833109.04,307.96,362.12,0,500146.4,1006.16,11333925.52,980.36,10582808.8,33.800000000000004,55.2,0,291821.4,145.8,11332755.600000001,133.8,11040792.4,759.3999999999996,855.5999999999999,0,751190.8,2403,11335022.8,2269,2013-05-02
134,10812933,270,331,0,521858,908,11336999,916,10836532.16,330.04,390.72,0,499923.28,1074.48,11337176.2,1046.12,10587381.4,30.400000000000002,41.8,0,292306.2,128.20000000000002,11336030.2,115.80000000000001,11043396,843.3999999999999,948.1999999999997,0,749774.3999999999,2527.9999999999995,11338298.4,2510.7999999999993,2013-05-09
135,10815636,255,349,0,522075,920,11340292,884,10839825.28,362.08,435.52,0,499790.44,1179.84,11340413.32,1144.16,10592081.8,58.2,44.8,0,293054.2,109.80000000000001,11339227.6,92.80000000000001,11045796.4,926.5999999999997,1158.1999999999998,0,748343.3999999999,3140.7999999999993,11341526.8,3132.5999999999995,2013-05-16
136,10818096,301,395,0,522755,1012,11343613,1009,10843036.84,370.68,474.64,0,499801.08,1309.64,11343683.24,1275.76,10596694.2,64,67.4,0,293909.2,191.20000000000002,11342402.399999999,200.40000000000003,11048078.2,1022.9999999999992,1263.199999999999,0,746909.2,3441.399999999998,11344796.4,3401.7999999999975,2013-05-23
137,10821063,278,374,0,523234,1013,11346901,979,10846176.88,392.28,506.12,0,499858.72,1361.44,11346934,1319.88,10601330.8,44.6,63.800000000000004,0,294900.4,187.20000000000002,11345606.2,174.00000000000003,11050240.399999999,1191.799999999999,1513.9999999999986,0,745581.2,3977.5999999999976,11348098.6,3840.7999999999975,2013-05-30
138,10823779,326,356,0,523656,1009,11350134,977,10849284.36,405.96,512.4,0,499992.68,1417.68,11350195.4,1386.36,10606120.600000001,51.00000000000001,74,0,295959.2,199.60000000000002,11348747,208.8,11052386.399999999,1385.7999999999984,1634.7999999999984,0,744207.6,4451.199999999996,11351303.2,4510.599999999995,2013-06-06
139,10828016,294,418,0,524130,1080,11353371,946,10852416.76,381.04,487.92,0,500133.6,1373.48,11353419.32,1314.48,10610718.4,56.400000000000006,78.4,0,296929.2,200.8,11352074.600000001,179.20000000000002,11054763.8,1171.199999999999,1488.9999999999982,0,742831,4174.9999999999945,11354571.2,4164.799999999995,2013-06-13
140,10832196,308,396,0,523666,1079,11356624,1091,10855592.16,365.32,488.04,0,500240.28,1378.76,11356685.8,1340.12,10615398,52.400000000000006,86.00000000000001,0,297982.2,220.00000000000003,11355269.2,227.20000000000002,11057024.8,1053.9999999999989,1413.199999999998,0,741481,4105.199999999994,11357800.8,4002.3999999999946,2013-06-20
141,10836430,322,421,0,522742,1116,11359908,1145,10858851.48,342.28,467.84,0,500282.12,1289.44,11359943.72,1247.64,10620072.6,62.00000000000001,75.00000000000001,0,299016.4,213.00000000000003,11358633,209.20000000000002,11059223.8,944.9999999999989,1262.1999999999987,0,740079.3999999999,3632.199999999996,11361094.8,3565.7999999999956,2013-06-27
142,10840512,349,455,0,521870,1193,11363182,1169,10862070.92,366.04,460.56,0,500276.68,1251.36,11363174.2,1222.68,10624850.8,40.60000000000001,83.80000000000001,0,300014.80000000005,231.20000000000002,11361880,238.00000000000003,11061562.600000001,1078.7999999999984,1232.5999999999985,0,738648.2,3357.199999999996,11364350.600000001,3309.799999999996,2013-07-04
143,10844776,296,445,0,520902,1341,11366406,1280,10865414,317.64,434,0,500271.12,1244.04,11366436.76,1225.12,10629583.600000001,56.400000000000006,81.80000000000001,0,300869.6,201.60000000000002,11365134.600000001,210.00000000000003,11063891.4,846.399999999999,1184.3999999999987,0,737203.6,3317.599999999996,11367595.8,3404.399999999996,2013-07-11
144,10848919,301,406,0,519974,1183,11369579,1090,10868823.48,322.52,403.48,0,500134.48,1097.88,11369683.96,1068.28,10634402.600000001,60.400000000000006,87.4,0,301519.6,239.20000000000005,11368331.600000001,229.8,11066668.600000001,963.7999999999986,976.7999999999988,0,735720.3999999999,2690.5999999999967,11370898.2,2612.5999999999976,2013-07-18
145,10852888,265,349,0,519161,1033,11372734,1036,10872279.52,289.08,390.76,0,499960.16,1081.76,11372919.52,1049.36,10639147.600000001,62.800000000000004,88,0,301914.80000000005,230.8,11371515,198.00000000000003,11069560.8,697.5999999999995,989.7999999999986,0,734164.3999999999,2720.9999999999964,11374212.6,2615.5999999999967,2013-07-25
146,10856915,286,370,0,518312,962,11376034,999,10875743.12,301.12,375.64,0,499758.4,1041.44,11376178.28,1026.72,10643990,65.80000000000001,72.00000000000001,0,302331,227.20000000000005,11374812.600000001,216.8,11072422,793.599999999999,945.9999999999987,0,732509.3999999999,2665.399999999997,11377502,2492.9999999999973,2013-08-01
147,10860906,244,342,0,517531,954,11379309,888,10879247.12,289.08,376.28,0,499515.32,1027.44,11379427.8,983.2,10648785.399999999,52,68.4,0,302697.4,205.20000000000002,11378089.6,221.20000000000002,11075236.2,720.9999999999994,978.9999999999992,0,730927.6,2589.199999999998,11380704.6,2558.199999999997,2013-08-08
148,10864812,245,336,0,516825,929,11382592,838,10882708.04,310.2,388.4,0,499294.84,1053.76,11382701.48,1000,10653600.8,55.800000000000004,69.4,0,303173.8,197.8,11381257.6,195.20000000000002,11078030,860.7999999999995,1021.5999999999993,0,729385.8,2675.399999999998,11384040.2,2536.599999999998,2013-08-15
149,10868666,244,364,0,516156,993,11385886,1061,10886029.48,343.04,423.6,0,499148.44,1150.48,11385944.56,1135.16,10658321,49,76,0,303683.60000000003,209.00000000000003,11384422.6,191.8,11080722.4,850.7999999999997,1057.3999999999994,0,727931.2,2973.3999999999983,11387238.399999999,2934.199999999999,2013-08-22
150,10872273,322,448,0,515694,1098,11389171,1086,10889185.16,393.2,485.2,0,499127.32,1303.68,11389190.88,1237.24,10662997,82.4,98.80000000000001,0,304197.60000000003,247.60000000000002,11387511.8,244.60000000000002,11083587.4,954.5999999999996,1178.7999999999997,0,726518.4,3263.5999999999995,11390511.8,3084.999999999999,2013-08-29
151,10875880,360,445,0,515273,1202,11392366,1182,10892185.8,443.48,556.12,0,499264.84,1466.48,11392450.24,1431.16,10667578.8,72.00000000000001,100.20000000000002,0,304622,282.6,11390735,274.6,11086467.4,1203.3999999999999,1387.4,0,725145.8,3499.5999999999995,11393716.399999999,3641,2013-09-05
152,10878536,429,547,0,514975,1351,11395597,1220,10894945,515.32,641.08,0,499593,1687.6,11395694.4,1670.24,10672082,79.4,112.60000000000002,0,304964.2,272.6,11393874.8,288.80000000000007,11089363.6,1301.1999999999991,1545.9999999999998,0,723833.6,4254,11396970.8,4495.4,2013-09-12
153,10876859,424,553,0,517388,1543,11398792,1595,10897355.48,623.96,754.52,0,500216.92,2010.48,11398950.88,1971.92,10676517.6,94.20000000000002,123.20000000000002,0,305463,281.6,11397112,274,11091940,1474.9999999999995,1969.199999999999,0,722537.8,5038.599999999997,11400196,4927.399999999998,2013-09-19
154,10876128,490,674,0,522261,1832,11402093,1715,10899401.48,709.36,900.48,0,501170.48,2363.24,11402181.8,2307.32,10680740.399999999,131.8,124.4,0,306042.6,351.40000000000003,11400203.2,355.6,11094445,1789.7999999999995,2220.7999999999993,0,721460.6000000001,5782.399999999999,11403480.2,5770.5999999999985,2013-09-26
155,10879093,574,745,0,525108,1969,11405379,1887,10901218.24,771.28,974.28,0,502441.32,2611.04,11405405.12,2538.56,10684887.2,133.60000000000002,190.60000000000002,0,306665.2,498.80000000000007,11403447.8,497.20000000000005,11096931.600000001,1680.1999999999996,2408.3999999999996,0,720494.2,6208.199999999999,11406739.399999999,6439,2013-10-03
156,10881743,773,851,0,525487,2156,11408620,2054,10902692.92,903.8,1088.56,0,503938.36,2887.2,11408623.64,2789.04,10688930,121.40000000000002,176.60000000000002,0,307616.6,451.20000000000005,11406688.600000001,393.20000000000005,11098611.2,2633.399999999999,2617.2,0,719606.8,6916,11409984.2,6654,2013-10-10
157,10884294,756,1098,0,526141,2958,11411819,2691,10903938.92,900.04,1196.32,0,505840.8,3299.28,11411876.08,3155.96,10692909.2,147.20000000000002,194.20000000000005,0,309178.2,554,11410059,581.2,11100309.600000001,2459.2,2987.3999999999996,0,718790.8,8478,11413185.8,8052.4,2013-10-17
158,10887223,678,1000,0,526600,2720,11415121,2777,10905098.12,942.48,1226.8,0,507856,3334.68,11415123.4,3277.72,10696817.600000001,167.20000000000005,254.40000000000003,0,310744.8,690.0000000000001,11413300.399999999,663.2,11101975,2568.9999999999995,3325.7999999999997,0,717962,8965.6,11416423.6,8428.4,2013-10-24
159,10889795,778,1015,0,527200,2734,11418381,2743,10906230.32,970.32,1221.84,0,509948.8,3376.76,11418371.28,3343.56,10700979.600000001,190.8,261.00000000000006,0,312383.4,730.6000000000001,11416643.399999999,693,11103461.8,2967.199999999998,3795.3999999999987,0,717089,10325.999999999996,11419710.2,10475.8,2013-10-31
160,10892404,756,902,0,527923,2682,11421676,2481,10907379.32,957,1232.04,0,512053.76,3402.48,11421622.12,3361.92,10705222.399999999,162.60000000000002,252.60000000000002,0,314069.2,715.4000000000001,11419783.6,674.8000000000001,11105153.2,3062.7999999999993,4093.599999999999,0,716154.3999999999,10951.399999999996,11422970,10925.399999999996,2013-11-07
161,10895577,723,951,0,528366,2733,11424904,2564,10908729.16,863.96,1183.76,0,514131.88,3329.24,11424908.76,3241.36,10709405.6,156.00000000000003,222.4,0,315705.8,539.6,11423088.2,492.6,11106570.8,2534.7999999999993,3825.2,0,715198,10906,11426330.8,10459.8,2013-11-14
162,10898738,658,835,0,528564,2499,11428120,2257,10910293.28,809,1100.92,0,515946.24,3035,11428149.44,2990.68,10713718,158,215.20000000000002,0,317210.8,564.2,11426286,545.2,11108637.2,2393.2,3348,0,714170.8,9061.4,11429691.6,8753.8,2013-11-21
163,10902074,559,754,0,528700,2234,11431357,1993,10911978.8,791.84,1058.2,0,517571.92,2892.96,11431400.76,2804.84,10718199.2,163.4,193.20000000000002,0,318492.6,547.2,11429615,589,11110760.4,2198.3999999999996,3095.6,0,712970.2,8106.799999999999,11432864,7500.7999999999975,2013-11-28
164,10901887,625,804,0,529416,2285,11434617,2074,10913706.64,784.12,1021.2,0,519147.16,2845.44,11434659.12,2730.48,10722687.8,134.8,201.60000000000002,0,319617.4,557.4000000000001,11432827.2,515.2,11112894.8,1956.399999999999,2521.399999999999,0,711744.4,7003.399999999998,11436211,6685.199999999997,2013-12-05
165,10902478,567,634,0,532837,1811,11437796,1964,10915789.72,673.4,912.68,0,520560.4,2634.04,11437936.2,2605.64,10727309.8,123.60000000000001,167.40000000000003,0,320617.6,468.6,11436131,471.00000000000006,11115281.6,1528.1999999999998,2096.3999999999996,0,710436.8,6193.199999999997,11439521.2,6091.199999999997,2013-12-12
166,10903586,503,662,0,535369,1767,11441054,1730,10918075.88,629.24,859.16,0,521672.48,2384.16,11441236.76,2304.4,10732075.600000001,123.80000000000001,152,0,321520.2,401.40000000000003,11439426.2,375,11117645.600000001,1548.8000000000002,1997.6,0,709030.2,5379.799999999999,11442839.2,5220.5999999999995,2013-12-19
167,10904482,529,632,0,537537,1784,11444413,1601,10920540.32,575.92,781.64,0,522624.72,2200.32,11444522.6,2126.76,10736840.8,58.400000000000006,134.2,0,322480.6,378.6,11442736.2,398.6,11119943.8,1417.9999999999998,1971.7999999999997,0,707661.4,5528.199999999999,11446192.2,5164.5999999999985,2013-12-26
168,10905975,452,652,0,539478,1897,11447685,1586,10923128.76,556.68,734.44,0,523379.4,2045.68,11447799.28,1952.28,10741605.600000001,79.4,107.4,0,323496,294.6,11446079.8,273.20000000000005,11121768.6,1368.3999999999996,1871.1999999999998,0,706175.2,5320.2,11449438,5092.4,2014-01-02
169,10909874,377,555,0,540502,1563,11451022,1515,10925997.32,449.44,642.76,0,523998.04,1868.4,11451087.56,1799.12,10746510.2,83.80000000000001,95,0,325062.4,257,11449290.600000001,272.6,11123618.4,1080.1999999999994,1510.5999999999995,0,704609.6,4584.799999999999,11452770.2,4531.799999999999,2014-01-09
170,10914153,396,522,0,539777,1409,11454297,1354,10928948.12,450.48,608.44,0,524343.92,1642.36,11454350.96,1613.24,10751262,73.2,94.4,0,326510.19999999995,266.40000000000003,11452499.399999999,263.8,11125547,1170.3999999999992,1590.799999999999,0,703059.6000000001,4064.7999999999975,11456022.2,3972.799999999997,2014-01-16
171,10918456,344,410,0,538901,1169,11457647,1151,10931994.4,421.8,559.64,0,524633.48,1566.36,11457609.32,1494.4,10756050.600000001,57.599999999999994,71.80000000000001,0,328014.4,206.4,11455735.8,198.39999999999998,11126988.4,1072.3999999999996,1491.1999999999998,0,701538.2,4144.7999999999975,11459187.6,3939.3999999999987,2014-01-23
172,10922842,279,423,0,537930,1158,11460876,1094,10935185.84,390.52,520.96,0,524798.76,1461.6,11460896.08,1448.76,10760873.399999999,49.2,64.6,0,329998.6,182.8,11459050,206.60000000000002,11127969.8,1125.9999999999998,1421.9999999999998,0,699955.6,3851.3999999999996,11462529.8,3640.999999999999,2014-01-30
173,10927250,224,308,0,536944,844,11464143,832,10938491.4,361.28,463.24,0,524843.44,1309.12,11464159.36,1259.56,10765637.2,61.599999999999994,77,0,331871.8,198,11462310.2,182.4,11129724.6,990.7999999999997,1293.6,0,698461.6,3687.3999999999996,11465764.2,3580.7999999999997,2014-02-06
174,10931594,194,290,0,535889,738,11467456,659,10941884.6,347.6,445.84,0,524787.68,1251.96,11467465.72,1165.12,10770365.4,67,84.80000000000001,0,333447.6,230.6,11465619.2,227.60000000000002,11131524.4,1061.7999999999997,1253.1999999999998,0,696984.6,3444.8,11469095.2,3066.8,2014-02-13
175,10936049,218,255,0,534842,683,11470808,679,10945309.6,332.64,427.32,0,524673.32,1185.32,11470742.88,1166.08,10775089.2,48.6,77.19999999999999,0,334792.6,223.60000000000002,11468881.2,211.6,11133469,1015.3999999999994,1308.3999999999996,0,695478.4,3529.3999999999987,11472328,3600.399999999999,2014-02-20
176,10940461,138,223,0,533634,690,11474073,685,10948807.24,290.28,390.28,0,524509.64,1130.12,11473997.44,1089.16,10779957.600000001,52.60000000000001,67.8,0,336207.2,166.4,11472058.8,161.2,11135630.6,880.9999999999995,1162.3999999999992,0,693911.6,3338.1999999999985,11475607.8,3184.3999999999987,2014-02-27
177,10945042,184,230,0,532443,570,11477298,616,10952355.72,295.8,380.8,0,524236.48,1046.76,11477268.8,1011.72,10784682.8,41.400000000000006,56.6,0,337044.6,177,11475266.2,176.8,11138013,1037.999999999999,1223.1999999999991,0,692439.2,3199.5999999999976,11478918,2976.3999999999987,2014-03-06
178,10949783,208,217,0,531174,610,11480589,533,10955945.28,287.44,365.32,0,523960.4,1031.64,11480558.44,979.08,10789522.8,37,56.2,0,338115,160.20000000000002,11478582.8,162.20000000000002,11140069.8,1222.5999999999992,1359.7999999999988,0,690896.2,3780.7999999999965,11482222.8,3479.5999999999963,2014-03-13
179,10954355,154,229,0,529894,695,11483883,651,10959622.48,270.24,344.24,0,523623.72,968.2,11483860.68,917.48,10794395,30,46.400000000000006,0,339465.19999999995,132.8,11481961.399999999,125.60000000000001,11141925.6,1254.199999999999,1570.9999999999995,0,689351,4198.399999999998,11485581.8,3937.999999999998,2014-03-20
180,10958886,155,205,0,528567,561,11487126,606,10963245.68,273.92,352.8,0,523254.16,977.08,11487126.56,938.04,10799177.2,31.4,46.400000000000006,0,341065,128.2,11485195.4,123.4,11143229.8,1362.1999999999998,1661.7999999999993,0,687777.8,4592.399999999998,11488851.6,4208.599999999998,2014-03-27
181,10963491,176,210,0,527280,571,11490424,545,10966908.8,260.08,346.2,0,522884.96,958.12,11490400.04,910.96,10804048.399999999,33.2,50.2,0,343217.8,126,11488482.4,110.4,11144519,1119.3999999999996,1597.6,0,686189,4515,11492084.4,4043.7999999999997,2014-04-03
182,10968127,197,224,0,525942,655,11493684,624,10970603.56,256.88,340.68,0,522475.56,913.2,11493676.68,874.24,10808822,40.2,56.400000000000006,0,344892.2,119.6,11491724.6,116.4,11146289.2,994.1999999999998,1493.3999999999996,0,684641.6,3962.5999999999995,11495326.2,3760.399999999999,2014-04-10
183,10972621,166,255,0,524758,696,11497019,591,10974292.2,267.72,333.52,0,522074.8,926.92,11496968.24,864.92,10813631.8,36.2,44.4,0,346221.4,131.2,11494998.2,130.8,11148530.600000001,1005.5999999999993,1198.3999999999996,0,683136,3390.3999999999983,11498622.6,3150.599999999999,2014-04-17
184,10975939,186,220,0,523533,668,11500277,638,10977935.88,252.24,356.08,0,521701.36,967.04,11500245.56,941.48,10818496.8,23.4,43.8,0,347338.8,123.4,11498237.8,125.80000000000001,11150896.399999999,909.1999999999991,1424.5999999999985,0,681601.4,3736.5999999999967,11501978,3510.7999999999965,2014-04-24
185,10979068,172,235,0,523469,685,11503618,656,10981628.72,260.84,342.16,0,521305.04,922.76,11503536.76,906.56,10823466.2,28.2,44.8,0,348317.6,121.6,11501556,114.8,11153272.2,904.5999999999995,1240.999999999999,0,680006.8,3318.5999999999976,11505232,3206.199999999998,2014-05-01
186,10981682,184,278,0,523911,703,11506906,704,10985237.48,272.36,365.24,0,520932.16,987.6,11506807.24,940.96,10828318.8,33.2,35.8,0,349416.6,110.4,11504806,113.80000000000001,11155466,843.1999999999994,1283.999999999999,0,678402.8,3519.399999999998,11508506,3442.7999999999984,2014-05-08
187,10984446,211,317,0,524700,812,11510181,809,10988668.6,306,413.92,0,520651.04,1089.8,11510039.56,1071.72,10833087.399999999,29.6,46.6,0,350545.4,113.4,11507980.4,115.4,11157376.8,969.5999999999991,1503.5999999999988,0,676817.3999999999,3813.7999999999975,11511719.8,3871.599999999997,2014-05-15
188,10987799,245,349,0,525204,987,11513468,988,10992081.8,346.56,423.84,0,520467.24,1158.72,11513319.44,1135.44,10837795.4,39.6,43.4,0,351791.2,118,11511318.8,120.4,11159558,1074.199999999999,1340.7999999999984,0,675286.2,3740.199999999996,11514953.8,3681.7999999999956,2014-05-22
189,10992411,237,370,0,524653,983,11516651,973,10995347.92,358.52,492.24,0,520381.48,1308.88,11516580.16,1271,10842533.2,40,51.60000000000001,0,353037,158.20000000000002,11514653.8,155.2,11161379.2,1228.1999999999985,1779.599999999998,0,673722.8,4549.199999999995,11518182.4,4540.199999999996,2014-05-29
190,10996913,241,331,0,523477,859,11519930,859,10998695.48,349.36,467.24,0,520361.32,1275.68,11519873.4,1262.16,10847301.399999999,46.400000000000006,67.6,0,354670.8,175.8,11517997.4,181.4,11162698.8,1391.3999999999992,1711.7999999999988,0,672198.2,4630.399999999996,11521405.6,4677.999999999996,2014-06-05
191,11001429,261,343,0,522263,961,11523220,951,11002011.12,348.4,480.76,0,520356.88,1326.64,11523197.16,1287.68,10852124.399999999,36,63.8,0,357076,174,11521333.399999999,176.4,11163153.4,1459,2160.1999999999994,0,670691,5785.399999999998,11524673,5728.5999999999995,2014-06-12
192,11005989,255,300,0,521018,852,11526564,808,11005371.16,350.32,438.32,0,520307.12,1225.4,11526466.92,1157.64,10856897.8,32.4,53,0,359935.4,146.60000000000002,11524616.8,134.2,11163438,1767.1999999999998,1987.5999999999992,0,669220.8,5484.799999999998,11528032.4,5133.5999999999985,2014-06-19
193,11010504,234,310,0,519831,851,11529909,811,11008828.96,313.04,423.92,0,520174.68,1188.32,11529740.6,1113.36,10861754.8,38.2,49.60000000000001,0,362478,134,11527904.4,132,11165794.399999999,1235.199999999999,1879.9999999999982,0,667754.2,5373.599999999997,11531327.2,5009.5999999999985,2014-06-26
194,11015153,199,279,0,518569,778,11533091,710,11012423.56,292.52,360.36,0,519961.04,1035.36,11533037.48,1001.44,10866587.6,27.8,36.400000000000006,0,364054.4,123.4,11531178.2,109.80000000000001,11168793.2,1174.3999999999983,1434.7999999999988,0,666300.8,4117.599999999996,11534654.399999999,4098.199999999995,2014-07-03
195,11019680,177,216,0,517330,651,11536330,636,11016101.76,254.16,334,0,519619.6,950.24,11536309.52,938.36,10871332,17.400000000000002,34,0,364297.4,83.4,11534460.399999999,86,11171828.4,1068.3999999999992,1307.7999999999988,0,664757.8,3646.199999999996,11537966.6,3651.7999999999956,2014-07-10
196,11024187,151,211,0,516102,568,11539611,569,11019948.4,211.28,294,0,519143.64,816.12,11539597.32,791.56,10876258.399999999,19.6,23.799999999999997,0,364389.2,72.8,11537616.2,77.4,11175143.4,710.1999999999998,1051.7999999999993,0,663173.2,3009.7999999999984,11541242.8,3044.3999999999983,2014-07-17
197,11025997,137,186,0,515325,495,11542951,528,11023816.96,215.08,268.32,0,518593.6,751.88,11542893.96,737.8,10881174.2,17.8,26.6,0,364454.6,67,11540947.399999999,62.2,11178525.4,740.5999999999997,873.5999999999995,0,661598.2,2441.3999999999987,11544572.2,2367.599999999998,2014-07-24
198,11027708,129,176,0,517046,479,11546186,485,11027737.56,187.72,257.44,0,518002.48,718.52,11546185.2,729.32,10886056.4,16,23.200000000000003,0,364318,66.4,11544378.600000001,66.60000000000001,11182019.2,592.5999999999997,878.3999999999994,0,660032.4,2431.999999999998,11547902.6,2469.999999999998,2014-07-31
199,11029886,140,178,0,518437,450,11549492,408,11031670.12,192.24,247.24,0,517377.92,680.72,11549487.52,648.28,10891031,13.4,19.8,0,364230.4,52,11547579.8,53.2,11185349.2,564.1999999999996,759.9999999999998,0,658455.8,2227.1999999999994,11551233.8,2075.7999999999993,2014-08-07
200,11030960,183,215,0,519935,572,11552924,520,11035520.32,232.44,277.8,0,516763.6,740.56,11552794.16,728.48,10895910,10,13.600000000000001,0,364114,44.2,11550879.8,44.2,11188779,791.7999999999993,939.9999999999992,0,657152.4,2432.5999999999985,11554523.4,2445.7999999999975,2014-08-14
201,11031704,172,202,0,522293,623,11556224,646,11039336.64,232.48,287.64,0,516247.32,806.44,11556104.08,795.08,10900811.6,11.2,18,0,364064.2,44,11554234.2,35.6,11192171.2,867.9999999999989,1024.999999999999,0,655758,2811.399999999998,11557891.2,2753.999999999998,2014-08-21
202,11032493,183,229,0,525317,618,11559507,596,11043005.2,280.44,331.12,0,515783.76,891.72,11559400.52,860.08,10905674,13.8,12.2,0,363972.6,40.4,11557387.6,35.8,11195279.399999999,1103.5999999999985,1246.3999999999987,0,654354.2,3383.799999999997,11561183,3323.5999999999967,2014-08-28
203,11035714,174,231,0,526114,625,11562792,612,11046575.32,308.76,379.64,0,515435.2,1009.72,11562698.92,955.2,10910451,23,27.200000000000003,0,364093,65.4,11560738.4,63.800000000000004,11198346.399999999,1318.1999999999987,1552.599999999998,0,652934.2,3974.1999999999944,11564472,3589.9999999999955,2014-09-04
204,11038892,229,250,0,526355,671,11566202,696,11049971.32,356.24,429.2,0,515242.12,1159.28,11565998.88,1121.16,10915187.8,27.8,31.6,0,364332.60000000003,89,11564063.4,84.80000000000001,11201412.399999999,1480.1999999999994,1775.3999999999987,0,651537,4885.199999999997,11567726.8,4620.199999999997,2014-09-11
205,11041915,242,292,0,526497,767,11569314,742,11053077.16,427.24,543.36,0,515249.92,1428.48,11569297.68,1354.84,10919805,28,34.8,0,364803,96.60000000000001,11567286.8,95,11204167.2,1816.5999999999995,2479.3999999999987,0,650218.6,6433.7999999999965,11571073.6,6245.599999999996,2014-09-18
206,11044485,275,350,0,526873,920,11572540,835,11056051.64,450.24,599.72,0,515485.72,1611.28,11572587.32,1536.12,10924343.6,34.800000000000004,51.2,0,365370.19999999995,128.8,11570590.2,107.4,11206865.8,1982,2628.7999999999997,0,649008.2,7061.799999999999,11574362.8,6810.999999999999,2014-09-25
207,11046752,355,424,0,527529,1084,11575952,1004,11058714,570.32,702.24,0,515904.2,1825.96,11575890.76,1759.64,10928698,57.599999999999994,70.2,0,366240.2,157.2,11573927.6,150.8,11208895,2564.399999999999,3088.999999999999,0,647910.4,7862.199999999999,11577704.8,7509.199999999997,2014-10-02
208,11048474,378,549,0,528877,1361,11579272,1200,11061071.16,686,804.8,0,516642.72,2160.36,11579204.68,2134.96,10933047.399999999,63.00000000000001,65,0,367705.4,196.4,11577245.4,192.4,11210070.8,3165.7999999999975,3379.999999999998,0,646778.6000000001,9431.399999999996,11580992.600000001,9341.799999999997,2014-10-09
209,11050067,451,517,0,530552,1375,11582538,1282,11063181.64,742.16,910.48,0,517686.08,2448.32,11582520.36,2308.08,10937207.4,63.00000000000001,85.80000000000001,0,370301,229,11580494.399999999,210.60000000000002,11210289.6,2811.9999999999964,3453.9999999999964,0,645787.4,9691.19999999999,11584305.2,8979.999999999993,2014-10-16
210,11051643,439,618,0,530755,1668,11585862,1498,11064971.6,793.72,1004.08,0,519046.68,2760.68,11585816.08,2669.52,10941357.2,59.2,91.60000000000001,0,373439.6,226.60000000000002,11583771.6,213.20000000000002,11210489.399999999,2991.199999999998,3872.399999999997,0,644849,10674.19999999999,11587632,10203.999999999989,2014-10-23
211,11054520,522,633,0,531305,1662,11589153,1710,11066640.76,833.32,1079.6,0,520567.28,2909.4,11589120.96,2760.32,10945439,90.8,122.4,0,374460.2,324.40000000000003,11587088,324.20000000000005,11212574.399999999,3028.399999999996,4536.399999999994,0,643994,11913.599999999988,11590980.4,11076.599999999988,2014-10-30
212,11057346,461,619,0,531610,1738,11592534,1509,11068297.4,804.8,1102.44,0,522249.52,3026.36,11592454.16,2949.36,10949524.2,100,142.8,0,375422.19999999995,371.8,11590347.8,341.80000000000007,11215019.8,2930.999999999998,4270.199999999994,0,643126.4,11746.399999999983,11594275.2,11653.399999999983,2014-11-06
213,11060580,429,613,0,532103,1670,11595851,1545,11070203.48,727,1024.28,0,523822.56,2829.88,11595777.32,2809.88,10953338.4,105.20000000000002,142.4,0,376332,405,11593645.600000001,355.8,11217435.8,2394.7999999999984,3619.999999999998,0,642246.6,9992.799999999994,11597619.2,9952.199999999995,2014-11-13
214,11064208,504,616,0,532538,1614,11599205,1501,11072166.48,747.72,970.28,0,525211.08,2664.44,11599095.56,2610.04,10952232.8,96.80000000000001,135.60000000000002,0,377186,355.00000000000006,11596961.2,341,11219671,2666.399999999999,3690.3999999999996,0,643749.8,9919.199999999997,11600925.8,9860.599999999997,2014-11-20
215,11067870,397,502,0,533116,1627,11602548,1642,11074449.88,642.12,877.12,0,526477.6,2499.12,11602446.72,2487.92,10953182,84.60000000000001,121.4,0,378493.4,331.6,11600325,292.6,11221652.2,2094.3999999999996,2988.3999999999996,0,647899,8849.599999999999,11604198.399999999,8945.199999999997,2014-11-27
216,11071538,425,539,0,533113,1487,11605894,1418,11076887.8,608.8,824.64,0,527434.28,2250,11605755.52,2196.8,10954140.6,83.80000000000001,116.60000000000002,0,379933.4,331,11603566.399999999,326.40000000000003,11223325.2,2217.6,2812.5999999999995,0,650219,7596.199999999999,11607495,7734.799999999999,2014-12-04
217,11075175,370,501,0,533192,1468,11609141,1537,11079338.12,568.04,814.28,0,528331.52,2213.76,11609051.96,2179.96,10954509.6,88.4,112.2,0,381794,313.8,11606839.2,286.20000000000005,11224730.399999999,2023.7999999999993,3080.2,0,652767.2,8439.2,11610870.2,8157.999999999999,2014-12-11
218,11078849,282,396,0,532944,1137,11612481,1129,11082143.4,507.36,682.36,0,529039.76,1913.2,11612372.88,1865.36,10955321,82.4,117.20000000000002,0,383433.80000000005,326.8,11610138,303.6,11226465.600000001,1748.6,2305.3999999999996,0,655327,6610.599999999998,11614159,6331.999999999997,2014-12-18
219,11082455,310,406,0,532554,1088,11615724,1000,11085016.68,518.72,655.24,0,529497.08,1779.68,11615687.72,1706.04,10957010.2,95.4,128.6,0,385104.8,340.20000000000005,11613471.6,325.8,11227980.399999999,1806,2143.3999999999996,0,656874.3999999999,5510.5999999999985,11617438.4,5561.4,2014-12-25
220,11086038,314,399,0,532147,1113,11618997,1170,11087920.24,486.36,654.08,0,529944.04,1802.36,11619004.72,1753.52,10958536.600000001,93.20000000000002,128,0,386941.4,352,11616767.4,308.6,11229664.8,1626.5999999999997,2204.9999999999995,0,658346.2,6084.2,11620800.2,5713.4,2015-01-01
221,11089537,309,391,0,531976,999,11622320,1010,11090983.04,444.16,577.32,0,530315.68,1638.92,11622320.2,1598.4,10960426,107.4,125.19999999999999,0,388492.4,325.4,11620093.6,288.2,11231343.600000001,1522.4,2005.4,0,659742,5520.5999999999995,11624135.600000001,5598.2,2015-01-08
222,11093043,296,382,0,531810,1053,11625622,1025,11094112.64,412.4,559,0,530540.36,1555.08,11625624.4,1538.92,10963083.2,84.80000000000001,132,0,390097,384.4,11623350,380.20000000000005,11232953.8,1391.1999999999994,1922.1999999999998,0,660641.5999999999,5386.4,11627468,5424.799999999999,2015-01-15
223,11096476,278,329,0,531604,925,11628934,887,11097335.16,416.32,517.16,0,530657.72,1417.12,11628926.36,1373.92,10966046.2,85.4,120,0,391636.80000000005,327.20000000000005,11626663,296,11234714,1468.1999999999998,1786,0,661259.2,4760.5999999999995,11630758.4,4691.2,2015-01-22
224,11099837,255,304,0,531308,894,11632237,839,11100560.16,413.16,517.8,0,530754.52,1441.72,11632245.64,1430.08,10969508.600000001,90.4,130.8,0,393203.6,353.6,11629988.399999999,364.8,11235908.8,1572.9999999999995,1832.9999999999998,0,661430.3999999999,5195.4,11634070.8,5048.2,2015-01-29
225,11102799,247,314,0,531198,851,11635479,795,11103923.36,368.36,462.56,0,530829.12,1359.04,11635583.4,1283.12,10972977.8,80,97.6,0,395393,317.8,11633365.6,300.20000000000005,11237393.399999999,1360.9999999999995,1563.9999999999995,0,661372.7999999999,4878.199999999999,11637362.399999999,4517.399999999998,2015-02-05
226,11106222,232,317,0,531501,870,11638823,765,11107333.88,340.16,460.68,0,530761.88,1282.24,11638896.6,1189.16,10976385.8,59.4,101.2,0,397278.6,275.8,11636689,255.8,11238896,1182.1999999999998,1632.9999999999998,0,661532.2,4577.199999999999,11640672.4,4064.1999999999994,2015-02-12
227,11109674,202,277,0,531327,786,11642018,772,11110920.4,287.36,398.44,0,530598.44,1129.2,11642204.64,1076.64,10979902.8,65,82.2,0,399144.2,237,11640014.399999999,211.6,11240732.8,895.1999999999998,1276,0,661686.5999999999,3894.5999999999995,11643977.8,3723.3999999999996,2015-02-19
228,11112975,177,244,0,531133,699,11645343,703,11114560.76,282.88,359,0,530289.28,1002,11645491.92,960.72,10983527.8,77.6,99.4,0,400372.80000000005,260.20000000000005,11643267.4,244.39999999999998,11242991.6,933.1999999999998,1072.6,0,661743.3999999999,3033,11647263,3031.6,2015-02-26
229,11116507,172,235,0,530993,609,11648732,592,11118310,258.24,355.56,0,529895.28,966.2,11648819.08,935.16,10987276,67.4,94.4,0,401143.4,275.6,11646742.6,248.8,11245781.399999999,829.1999999999998,1130.7999999999997,0,661682.3999999999,2960.3999999999996,11650613,2900.9999999999995,2015-03-05
230,11119859,157,216,0,530788,601,11652135,554,11122071.6,234.64,326.56,0,529512.28,927.8,11652145.08,913.44,10991053.6,47.400000000000006,76.2,0,401584.4,230.40000000000003,11650170.4,220.60000000000002,11248699.6,748.9999999999999,1092.1999999999998,0,661622.2,3144.6,11653888.8,3259.2,2015-03-12
231,11123862,160,213,0,530353,600,11655462,538,11125891.64,234.52,305.76,0,529032.08,847.4,11655464,806.52,10994671.6,50,64,0,401943.6,170.6,11653384.4,155.8,11251651.2,740.7999999999997,1022.7999999999996,0,661273.5999999999,2776.7999999999993,11657310.6,2622.9999999999995,2015-03-19
232,11127786,158,193,0,529792,530,11658799,507,11129705.36,242.68,301.68,0,528536.88,836.72,11658786.6,853.92,10998421.8,44.8,54.400000000000006,0,402351,176.4,11656744.6,156,11254209.8,885.1999999999998,1028.5999999999995,0,660962.7999999999,2797.5999999999985,11660669.6,3165.799999999999,2015-03-26
